Date;salmon_smolt_count_per_day
01/01/2004;0
02/01/2004;0
03/01/2004;0
04/01/2004;0
05/01/2004;0
06/01/2004;0
07/01/2004;0
08/01/2004;0
09/01/2004;0
10/01/2004;0
11/01/2004;0
12/01/2004;0
13/01/2004;0
14/01/2004;0
15/01/2004;0
16/01/2004;0
17/01/2004;0
18/01/2004;0
19/01/2004;0
20/01/2004;0
21/01/2004;0
22/01/2004;0
23/01/2004;0
24/01/2004;0
25/01/2004;0
26/01/2004;0
27/01/2004;0
28/01/2004;0
29/01/2004;0
30/01/2004;0
31/01/2004;0
01/02/2004;0
02/02/2004;0
03/02/2004;0
04/02/2004;0
05/02/2004;0
06/02/2004;0
07/02/2004;0
08/02/2004;0
09/02/2004;0
10/02/2004;0
11/02/2004;0
12/02/2004;0
13/02/2004;0
14/02/2004;0
15/02/2004;0
16/02/2004;0
17/02/2004;0
18/02/2004;0
19/02/2004;0
20/02/2004;0
21/02/2004;0
22/02/2004;0
23/02/2004;0
24/02/2004;0
25/02/2004;0
26/02/2004;0
27/02/2004;0
28/02/2004;0
29/02/2004;0
01/03/2004;0
02/03/2004;0
03/03/2004;0
04/03/2004;0
05/03/2004;0
06/03/2004;0
07/03/2004;0
08/03/2004;0
09/03/2004;0
10/03/2004;0
11/03/2004;0
12/03/2004;0
13/03/2004;0
14/03/2004;0
15/03/2004;0
16/03/2004;0
17/03/2004;0
18/03/2004;0
19/03/2004;0
20/03/2004;0
21/03/2004;0
22/03/2004;0
23/03/2004;0
24/03/2004;0
25/03/2004;0
26/03/2004;0
27/03/2004;0
28/03/2004;0
29/03/2004;0
30/03/2004;0
31/03/2004;0
01/04/2004;0
02/04/2004;0
03/04/2004;0
04/04/2004;1
05/04/2004;0
06/04/2004;0
07/04/2004;0
08/04/2004;2
09/04/2004;1
10/04/2004;2
11/04/2004;5
12/04/2004;4
13/04/2004;4
14/04/2004;13
15/04/2004;17
16/04/2004;46
17/04/2004;36
18/04/2004;46
19/04/2004;63
20/04/2004;45
21/04/2004;53
22/04/2004;70
23/04/2004;186
24/04/2004;232
25/04/2004;97
26/04/2004;947
27/04/2004;364
28/04/2004;281
29/04/2004;45
30/04/2004;42
01/05/2004;11
02/05/2004;47
03/05/2004;32
04/05/2004;81
05/05/2004;163
06/05/2004;344
07/05/2004;2786
08/05/2004;1535
09/05/2004;392
10/05/2004;278
11/05/2004;129
12/05/2004;84
13/05/2004;61
14/05/2004;81
15/05/2004;177
16/05/2004;72
17/05/2004;10
18/05/2004;57
19/05/2004;67
20/05/2004;67
21/05/2004;15
22/05/2004;7
23/05/2004;9
24/05/2004;4
25/05/2004;1
26/05/2004;0
27/05/2004;2
28/05/2004;0
29/05/2004;0
30/05/2004;1
31/05/2004;0
01/06/2004;0
02/06/2004;1
03/06/2004;0
04/06/2004;1
05/06/2004;3
06/06/2004;5
07/06/2004;2
08/06/2004;1
09/06/2004;2
10/06/2004;1
11/06/2004;2
12/06/2004;0
13/06/2004;0
14/06/2004;5
15/06/2004;1
16/06/2004;0
17/06/2004;0
18/06/2004;4
19/06/2004;3
20/06/2004;2
21/06/2004;1
22/06/2004;1
23/06/2004;37
24/06/2004;79
25/06/2004;12
26/06/2004;13
27/06/2004;1
28/06/2004;3
29/06/2004;3
30/06/2004;1
01/07/2004;1
02/07/2004;0
03/07/2004;1
04/07/2004;3
05/07/2004;3
06/07/2004;0
07/07/2004;3
08/07/2004;1
09/07/2004;0
10/07/2004;0
11/07/2004;0
12/07/2004;0
13/07/2004;0
14/07/2004;0
15/07/2004;0
16/07/2004;0
17/07/2004;0
18/07/2004;1
19/07/2004;0
20/07/2004;0
21/07/2004;0
22/07/2004;1
23/07/2004;0
24/07/2004;0
25/07/2004;0
26/07/2004;0
27/07/2004;0
28/07/2004;1
29/07/2004;0
30/07/2004;0
31/07/2004;0
01/08/2004;0
02/08/2004;0
03/08/2004;0
04/08/2004;0
05/08/2004;0
06/08/2004;0
07/08/2004;0
08/08/2004;0
09/08/2004;0
10/08/2004;0
11/08/2004;0
12/08/2004;0
13/08/2004;0
14/08/2004;0
15/08/2004;0
16/08/2004;0
17/08/2004;0
18/08/2004;0
19/08/2004;0
20/08/2004;0
21/08/2004;0
22/08/2004;0
23/08/2004;0
24/08/2004;0
25/08/2004;0
26/08/2004;0
27/08/2004;0
28/08/2004;0
29/08/2004;0
30/08/2004;0
31/08/2004;2
01/09/2004;0
02/09/2004;0
03/09/2004;0
04/09/2004;0
05/09/2004;0
06/09/2004;0
07/09/2004;0
08/09/2004;0
09/09/2004;0
10/09/2004;0
11/09/2004;0
12/09/2004;0
13/09/2004;0
14/09/2004;0
15/09/2004;0
16/09/2004;0
17/09/2004;0
18/09/2004;0
19/09/2004;0
20/09/2004;0
21/09/2004;0
22/09/2004;0
23/09/2004;0
24/09/2004;0
25/09/2004;0
26/09/2004;0
27/09/2004;0
28/09/2004;0
29/09/2004;0
30/09/2004;0
01/10/2004;0
02/10/2004;0
03/10/2004;0
04/10/2004;0
05/10/2004;0
06/10/2004;0
07/10/2004;0
08/10/2004;0
09/10/2004;0
10/10/2004;0
11/10/2004;0
12/10/2004;0
13/10/2004;0
14/10/2004;0
15/10/2004;0
16/10/2004;0
17/10/2004;0
18/10/2004;0
19/10/2004;0
20/10/2004;0
21/10/2004;0
22/10/2004;0
23/10/2004;0
24/10/2004;0
25/10/2004;0
26/10/2004;0
27/10/2004;0
28/10/2004;0
29/10/2004;0
30/10/2004;0
31/10/2004;0
01/11/2004;0
02/11/2004;0
03/11/2004;0
04/11/2004;0
05/11/2004;0
06/11/2004;0
07/11/2004;0
08/11/2004;0
09/11/2004;0
10/11/2004;0
11/11/2004;0
12/11/2004;0
13/11/2004;0
14/11/2004;0
15/11/2004;0
16/11/2004;0
17/11/2004;0
18/11/2004;0
19/11/2004;0
20/11/2004;0
21/11/2004;0
22/11/2004;0
23/11/2004;0
24/11/2004;0
25/11/2004;0
26/11/2004;0
27/11/2004;0
28/11/2004;0
29/11/2004;0
30/11/2004;0
01/12/2004;0
02/12/2004;0
03/12/2004;0
04/12/2004;0
05/12/2004;0
06/12/2004;0
07/12/2004;0
08/12/2004;0
09/12/2004;0
10/12/2004;0
11/12/2004;0
12/12/2004;0
13/12/2004;0
14/12/2004;0
15/12/2004;0
16/12/2004;0
17/12/2004;0
18/12/2004;0
19/12/2004;0
20/12/2004;0
21/12/2004;0
22/12/2004;0
23/12/2004;0
24/12/2004;0
25/12/2004;0
26/12/2004;0
27/12/2004;0
28/12/2004;0
29/12/2004;0
30/12/2004;0
31/12/2004;0
01/01/2005;0
02/01/2005;0
03/01/2005;0
04/01/2005;0
05/01/2005;0
06/01/2005;0
07/01/2005;0
08/01/2005;0
09/01/2005;0
10/01/2005;0
11/01/2005;0
12/01/2005;0
13/01/2005;0
14/01/2005;0
15/01/2005;0
16/01/2005;0
17/01/2005;0
18/01/2005;0
19/01/2005;0
20/01/2005;0
21/01/2005;0
22/01/2005;0
23/01/2005;0
24/01/2005;0
25/01/2005;0
26/01/2005;0
27/01/2005;0
28/01/2005;0
29/01/2005;0
30/01/2005;0
31/01/2005;0
01/02/2005;0
02/02/2005;0
03/02/2005;0
04/02/2005;0
05/02/2005;0
06/02/2005;0
07/02/2005;0
08/02/2005;0
09/02/2005;0
10/02/2005;0
11/02/2005;0
12/02/2005;0
13/02/2005;0
14/02/2005;0
15/02/2005;0
16/02/2005;0
17/02/2005;0
18/02/2005;0
19/02/2005;0
20/02/2005;0
21/02/2005;0
22/02/2005;0
23/02/2005;0
24/02/2005;0
25/02/2005;0
26/02/2005;0
27/02/2005;0
28/02/2005;0
01/03/2005;0
02/03/2005;0
03/03/2005;0
04/03/2005;0
05/03/2005;0
06/03/2005;0
07/03/2005;0
08/03/2005;0
09/03/2005;0
10/03/2005;0
11/03/2005;0
12/03/2005;0
13/03/2005;0
14/03/2005;0
15/03/2005;0
16/03/2005;0
17/03/2005;0
18/03/2005;0
19/03/2005;0
20/03/2005;0
21/03/2005;0
22/03/2005;0
23/03/2005;0
24/03/2005;0
25/03/2005;0
26/03/2005;0
27/03/2005;0
28/03/2005;0
29/03/2005;0
30/03/2005;0
31/03/2005;0
01/04/2005;3
02/04/2005;6
03/04/2005;5
04/04/2005;11
05/04/2005;17
06/04/2005;7
07/04/2005;17
08/04/2005;34
09/04/2005;38
10/04/2005;26
11/04/2005;16
12/04/2005;29
13/04/2005;26
14/04/2005;47
15/04/2005;74
16/04/2005;140
17/04/2005;64
18/04/2005;78
19/04/2005;95
20/04/2005;312
21/04/2005;295
22/04/2005;83
23/04/2005;539
24/04/2005;80
25/04/2005;80
26/04/2005;365
27/04/2005;7
28/04/2005;305
29/04/2005;102
30/04/2005;389
01/05/2005;470
02/05/2005;283
03/05/2005;288
04/05/2005;383
05/05/2005;471
06/05/2005;361
07/05/2005;308
08/05/2005;336
09/05/2005;257
10/05/2005;297
11/05/2005;60
12/05/2005;103
13/05/2005;26
14/05/2005;69
15/05/2005;18
16/05/2005;11
17/05/2005;9
18/05/2005;8
19/05/2005;6
20/05/2005;2
21/05/2005;1
22/05/2005;0
23/05/2005;23
24/05/2005;19
25/05/2005;39
26/05/2005;22
27/05/2005;21
28/05/2005;16
29/05/2005;12
30/05/2005;7
31/05/2005;24
01/06/2005;8
02/06/2005;0
03/06/2005;2
04/06/2005;2
05/06/2005;0
06/06/2005;2
07/06/2005;2
08/06/2005;0
09/06/2005;0
10/06/2005;0
11/06/2005;0
12/06/2005;0
13/06/2005;0
14/06/2005;0
15/06/2005;0
16/06/2005;0
17/06/2005;0
18/06/2005;0
19/06/2005;0
20/06/2005;0
21/06/2005;1
22/06/2005;0
23/06/2005;1
24/06/2005;1
25/06/2005;1
26/06/2005;0
27/06/2005;0
28/06/2005;0
29/06/2005;0
30/06/2005;0
01/07/2005;0
02/07/2005;0
03/07/2005;0
04/07/2005;0
05/07/2005;1
06/07/2005;0
07/07/2005;0
08/07/2005;0
09/07/2005;0
10/07/2005;0
11/07/2005;0
12/07/2005;0
13/07/2005;0
14/07/2005;0
15/07/2005;0
16/07/2005;0
17/07/2005;0
18/07/2005;0
19/07/2005;0
20/07/2005;0
21/07/2005;0
22/07/2005;0
23/07/2005;0
24/07/2005;0
25/07/2005;0
26/07/2005;0
27/07/2005;0
28/07/2005;0
29/07/2005;0
30/07/2005;0
31/07/2005;0
01/08/2005;0
02/08/2005;0
03/08/2005;0
04/08/2005;0
05/08/2005;0
06/08/2005;0
07/08/2005;0
08/08/2005;0
09/08/2005;0
10/08/2005;0
11/08/2005;0
12/08/2005;0
13/08/2005;0
14/08/2005;0
15/08/2005;0
16/08/2005;0
17/08/2005;0
18/08/2005;0
19/08/2005;0
20/08/2005;0
21/08/2005;0
22/08/2005;0
23/08/2005;0
24/08/2005;0
25/08/2005;0
26/08/2005;0
27/08/2005;0
28/08/2005;0
29/08/2005;0
30/08/2005;0
31/08/2005;0
01/09/2005;0
02/09/2005;0
03/09/2005;0
04/09/2005;0
05/09/2005;0
06/09/2005;0
07/09/2005;0
08/09/2005;0
09/09/2005;0
10/09/2005;0
11/09/2005;0
12/09/2005;0
13/09/2005;0
14/09/2005;0
15/09/2005;0
16/09/2005;0
17/09/2005;0
18/09/2005;0
19/09/2005;0
20/09/2005;0
21/09/2005;0
22/09/2005;0
23/09/2005;0
24/09/2005;0
25/09/2005;0
26/09/2005;0
27/09/2005;0
28/09/2005;0
29/09/2005;0
30/09/2005;0
01/10/2005;0
02/10/2005;0
03/10/2005;0
04/10/2005;0
05/10/2005;0
06/10/2005;0
07/10/2005;0
08/10/2005;0
09/10/2005;0
10/10/2005;0
11/10/2005;0
12/10/2005;0
13/10/2005;0
14/10/2005;0
15/10/2005;0
16/10/2005;0
17/10/2005;0
18/10/2005;0
19/10/2005;0
20/10/2005;0
21/10/2005;0
22/10/2005;0
23/10/2005;0
24/10/2005;0
25/10/2005;0
26/10/2005;0
27/10/2005;0
28/10/2005;0
29/10/2005;0
30/10/2005;0
31/10/2005;0
01/11/2005;0
02/11/2005;0
03/11/2005;0
04/11/2005;0
05/11/2005;0
06/11/2005;0
07/11/2005;0
08/11/2005;0
09/11/2005;0
10/11/2005;0
11/11/2005;0
12/11/2005;0
13/11/2005;0
14/11/2005;0
15/11/2005;0
16/11/2005;0
17/11/2005;0
18/11/2005;0
19/11/2005;0
20/11/2005;0
21/11/2005;0
22/11/2005;0
23/11/2005;0
24/11/2005;0
25/11/2005;0
26/11/2005;0
27/11/2005;0
28/11/2005;0
29/11/2005;0
30/11/2005;0
01/12/2005;0
02/12/2005;0
03/12/2005;0
04/12/2005;0
05/12/2005;0
06/12/2005;0
07/12/2005;0
08/12/2005;0
09/12/2005;0
10/12/2005;0
11/12/2005;0
12/12/2005;0
13/12/2005;0
14/12/2005;0
15/12/2005;0
16/12/2005;0
17/12/2005;0
18/12/2005;0
19/12/2005;0
20/12/2005;0
21/12/2005;0
22/12/2005;0
23/12/2005;0
24/12/2005;0
25/12/2005;0
26/12/2005;0
27/12/2005;0
28/12/2005;0
29/12/2005;0
30/12/2005;0
31/12/2005;0
01/01/2006;0
02/01/2006;0
03/01/2006;0
04/01/2006;0
05/01/2006;0
06/01/2006;0
07/01/2006;0
08/01/2006;0
09/01/2006;0
10/01/2006;0
11/01/2006;0
12/01/2006;0
13/01/2006;0
14/01/2006;0
15/01/2006;0
16/01/2006;0
17/01/2006;0
18/01/2006;0
19/01/2006;0
20/01/2006;0
21/01/2006;0
22/01/2006;0
23/01/2006;0
24/01/2006;0
25/01/2006;0
26/01/2006;0
27/01/2006;0
28/01/2006;0
29/01/2006;0
30/01/2006;0
31/01/2006;0
01/02/2006;0
02/02/2006;0
03/02/2006;0
04/02/2006;0
05/02/2006;0
06/02/2006;0
07/02/2006;0
08/02/2006;0
09/02/2006;0
10/02/2006;0
11/02/2006;0
12/02/2006;0
13/02/2006;0
14/02/2006;0
15/02/2006;0
16/02/2006;0
17/02/2006;0
18/02/2006;0
19/02/2006;0
20/02/2006;0
21/02/2006;0
22/02/2006;0
23/02/2006;0
24/02/2006;0
25/02/2006;0
26/02/2006;0
27/02/2006;0
28/02/2006;0
01/03/2006;0
02/03/2006;0
03/03/2006;0
04/03/2006;0
05/03/2006;0
06/03/2006;0
07/03/2006;0
08/03/2006;0
09/03/2006;0
10/03/2006;0
11/03/2006;0
12/03/2006;0
13/03/2006;0
14/03/2006;0
15/03/2006;0
16/03/2006;0
17/03/2006;0
18/03/2006;0
19/03/2006;0
20/03/2006;0
21/03/2006;0
22/03/2006;0
23/03/2006;0
24/03/2006;0
25/03/2006;0
26/03/2006;0
27/03/2006;0
28/03/2006;0
29/03/2006;0
30/03/2006;0
31/03/2006;0
01/04/2006;0
02/04/2006;0
03/04/2006;1
04/04/2006;2
05/04/2006;1
06/04/2006;0
07/04/2006;1
08/04/2006;0
09/04/2006;1
10/04/2006;0
11/04/2006;0
12/04/2006;8
13/04/2006;3
14/04/2006;5
15/04/2006;4
16/04/2006;4
17/04/2006;5
18/04/2006;8
19/04/2006;13
20/04/2006;34
21/04/2006;63
22/04/2006;53
23/04/2006;92
24/04/2006;80
25/04/2006;41
26/04/2006;91
27/04/2006;383
28/04/2006;180
29/04/2006;294
30/04/2006;79
01/05/2006;155
02/05/2006;245
03/05/2006;491
04/05/2006;270
05/05/2006;532
06/05/2006;572
07/05/2006;658
08/05/2006;325
09/05/2006;488
10/05/2006;811
11/05/2006;346
12/05/2006;105
13/05/2006;63
14/05/2006;25
15/05/2006;71
16/05/2006;423
17/05/2006;297
18/05/2006;182
19/05/2006;78
20/05/2006;116
21/05/2006;74
22/05/2006;42
23/05/2006;36
24/05/2006;6
25/05/2006;18
26/05/2006;8
27/05/2006;9
28/05/2006;6
29/05/2006;3
30/05/2006;3
31/05/2006;1
01/06/2006;2
02/06/2006;1
03/06/2006;1
04/06/2006;2
05/06/2006;2
06/06/2006;0
07/06/2006;1
08/06/2006;1
09/06/2006;0
10/06/2006;0
11/06/2006;0
12/06/2006;0
13/06/2006;0
14/06/2006;0
15/06/2006;0
16/06/2006;0
17/06/2006;0
18/06/2006;0
19/06/2006;1
20/06/2006;0
21/06/2006;1
22/06/2006;0
23/06/2006;0
24/06/2006;0
25/06/2006;0
26/06/2006;0
27/06/2006;0
28/06/2006;0
29/06/2006;0
30/06/2006;0
01/07/2006;0
02/07/2006;0
03/07/2006;0
04/07/2006;0
05/07/2006;0
06/07/2006;0
07/07/2006;0
08/07/2006;0
09/07/2006;1
10/07/2006;2
11/07/2006;0
12/07/2006;1
13/07/2006;0
14/07/2006;1
15/07/2006;0
16/07/2006;0
17/07/2006;0
18/07/2006;0
19/07/2006;0
20/07/2006;0
21/07/2006;0
22/07/2006;0
23/07/2006;0
24/07/2006;0
25/07/2006;0
26/07/2006;0
27/07/2006;0
28/07/2006;0
29/07/2006;0
30/07/2006;0
31/07/2006;1
01/08/2006;0
02/08/2006;0
03/08/2006;0
04/08/2006;0
05/08/2006;0
06/08/2006;0
07/08/2006;0
08/08/2006;0
09/08/2006;0
10/08/2006;0
11/08/2006;0
12/08/2006;0
13/08/2006;0
14/08/2006;0
15/08/2006;0
16/08/2006;0
17/08/2006;0
18/08/2006;0
19/08/2006;0
20/08/2006;0
21/08/2006;0
22/08/2006;0
23/08/2006;0
24/08/2006;0
25/08/2006;0
26/08/2006;0
27/08/2006;2
28/08/2006;0
29/08/2006;0
30/08/2006;0
31/08/2006;0
01/09/2006;0
02/09/2006;0
03/09/2006;0
04/09/2006;0
05/09/2006;0
06/09/2006;0
07/09/2006;0
08/09/2006;0
09/09/2006;0
10/09/2006;0
11/09/2006;0
12/09/2006;0
13/09/2006;0
14/09/2006;0
15/09/2006;0
16/09/2006;0
17/09/2006;0
18/09/2006;0
19/09/2006;0
20/09/2006;0
21/09/2006;0
22/09/2006;0
23/09/2006;0
24/09/2006;0
25/09/2006;0
26/09/2006;0
27/09/2006;0
28/09/2006;0
29/09/2006;0
30/09/2006;0
01/10/2006;0
02/10/2006;0
03/10/2006;0
04/10/2006;0
05/10/2006;0
06/10/2006;0
07/10/2006;0
08/10/2006;0
09/10/2006;0
10/10/2006;0
11/10/2006;0
12/10/2006;0
13/10/2006;0
14/10/2006;0
15/10/2006;0
16/10/2006;0
17/10/2006;0
18/10/2006;0
19/10/2006;0
20/10/2006;0
21/10/2006;0
22/10/2006;0
23/10/2006;0
24/10/2006;0
25/10/2006;0
26/10/2006;0
27/10/2006;0
28/10/2006;0
29/10/2006;0
30/10/2006;0
31/10/2006;0
01/11/2006;0
02/11/2006;0
03/11/2006;0
04/11/2006;0
05/11/2006;0
06/11/2006;0
07/11/2006;0
08/11/2006;0
09/11/2006;0
10/11/2006;0
11/11/2006;0
12/11/2006;0
13/11/2006;0
14/11/2006;0
15/11/2006;0
16/11/2006;0
17/11/2006;0
18/11/2006;0
19/11/2006;0
20/11/2006;0
21/11/2006;0
22/11/2006;0
23/11/2006;0
24/11/2006;0
25/11/2006;0
26/11/2006;0
27/11/2006;0
28/11/2006;0
29/11/2006;0
30/11/2006;0
01/12/2006;0
02/12/2006;0
03/12/2006;0
04/12/2006;0
05/12/2006;0
06/12/2006;0
07/12/2006;0
08/12/2006;0
09/12/2006;0
10/12/2006;0
11/12/2006;0
12/12/2006;0
13/12/2006;0
14/12/2006;0
15/12/2006;0
16/12/2006;0
17/12/2006;0
18/12/2006;0
19/12/2006;0
20/12/2006;0
21/12/2006;0
22/12/2006;0
23/12/2006;0
24/12/2006;0
25/12/2006;0
26/12/2006;0
27/12/2006;0
28/12/2006;0
29/12/2006;0
30/12/2006;0
31/12/2006;0
01/01/2007;0
02/01/2007;0
03/01/2007;0
04/01/2007;0
05/01/2007;0
06/01/2007;0
07/01/2007;0
08/01/2007;0
09/01/2007;0
10/01/2007;0
11/01/2007;0
12/01/2007;0
13/01/2007;0
14/01/2007;0
15/01/2007;0
16/01/2007;0
17/01/2007;0
18/01/2007;0
19/01/2007;0
20/01/2007;0
21/01/2007;0
22/01/2007;0
23/01/2007;0
24/01/2007;0
25/01/2007;0
26/01/2007;0
27/01/2007;0
28/01/2007;0
29/01/2007;0
30/01/2007;0
31/01/2007;0
01/02/2007;0
02/02/2007;0
03/02/2007;0
04/02/2007;0
05/02/2007;0
06/02/2007;0
07/02/2007;0
08/02/2007;0
09/02/2007;0
10/02/2007;0
11/02/2007;0
12/02/2007;0
13/02/2007;0
14/02/2007;0
15/02/2007;0
16/02/2007;0
17/02/2007;0
18/02/2007;0
19/02/2007;0
20/02/2007;0
21/02/2007;0
22/02/2007;0
23/02/2007;0
24/02/2007;0
25/02/2007;0
26/02/2007;0
27/02/2007;0
28/02/2007;0
01/03/2007;0
02/03/2007;0
03/03/2007;0
04/03/2007;0
05/03/2007;0
06/03/2007;0
07/03/2007;0
08/03/2007;0
09/03/2007;0
10/03/2007;0
11/03/2007;0
12/03/2007;0
13/03/2007;0
14/03/2007;0
15/03/2007;0
16/03/2007;0
17/03/2007;0
18/03/2007;0
19/03/2007;0
20/03/2007;0
21/03/2007;0
22/03/2007;1
23/03/2007;0
24/03/2007;0
25/03/2007;0
26/03/2007;0
27/03/2007;1
28/03/2007;1
29/03/2007;1
30/03/2007;0
31/03/2007;0
01/04/2007;2
02/04/2007;0
03/04/2007;0
04/04/2007;0
05/04/2007;0
06/04/2007;1
07/04/2007;1
08/04/2007;3
09/04/2007;2
10/04/2007;0
11/04/2007;3
12/04/2007;3
13/04/2007;1
14/04/2007;3
15/04/2007;5
16/04/2007;6
17/04/2007;11
18/04/2007;9
19/04/2007;6
20/04/2007;2
21/04/2007;1
22/04/2007;131
23/04/2007;261
24/04/2007;376
25/04/2007;592
26/04/2007;548
27/04/2007;856
28/04/2007;315
29/04/2007;78
30/04/2007;211
01/05/2007;358
02/05/2007;605
03/05/2007;444
04/05/2007;60
05/05/2007;18
06/05/2007;6
07/05/2007;4
08/05/2007;83
09/05/2007;288
10/05/2007;401
11/05/2007;411
12/05/2007;211
13/05/2007;134
14/05/2007;23
15/05/2007;19
16/05/2007;27
17/05/2007;22
18/05/2007;33
19/05/2007;33
20/05/2007;14
21/05/2007;21
22/05/2007;3
23/05/2007;3
24/05/2007;3
25/05/2007;2
26/05/2007;1
27/05/2007;3
28/05/2007;4
29/05/2007;4
30/05/2007;1
31/05/2007;1
01/06/2007;0
02/06/2007;2
03/06/2007;0
04/06/2007;1
05/06/2007;1
06/06/2007;0
07/06/2007;2
08/06/2007;1
09/06/2007;3
10/06/2007;0
11/06/2007;0
12/06/2007;0
13/06/2007;0
14/06/2007;1
15/06/2007;0
16/06/2007;0
17/06/2007;0
18/06/2007;0
19/06/2007;0
20/06/2007;0
21/06/2007;0
22/06/2007;0
23/06/2007;0
24/06/2007;0
25/06/2007;0
26/06/2007;0
27/06/2007;0
28/06/2007;0
29/06/2007;0
30/06/2007;0
01/07/2007;0
02/07/2007;0
03/07/2007;0
04/07/2007;0
05/07/2007;0
06/07/2007;2
07/07/2007;0
08/07/2007;0
09/07/2007;0
10/07/2007;0
11/07/2007;0
12/07/2007;0
13/07/2007;0
14/07/2007;0
15/07/2007;0
16/07/2007;0
17/07/2007;0
18/07/2007;0
19/07/2007;0
20/07/2007;0
21/07/2007;0
22/07/2007;0
23/07/2007;0
24/07/2007;0
25/07/2007;0
26/07/2007;0
27/07/2007;0
28/07/2007;0
29/07/2007;0
30/07/2007;0
31/07/2007;0
01/08/2007;0
02/08/2007;0
03/08/2007;0
04/08/2007;0
05/08/2007;0
06/08/2007;0
07/08/2007;0
08/08/2007;0
09/08/2007;0
10/08/2007;0
11/08/2007;0
12/08/2007;0
13/08/2007;0
14/08/2007;0
15/08/2007;1
16/08/2007;0
17/08/2007;0
18/08/2007;0
19/08/2007;0
20/08/2007;0
21/08/2007;0
22/08/2007;0
23/08/2007;0
24/08/2007;0
25/08/2007;0
26/08/2007;0
27/08/2007;0
28/08/2007;0
29/08/2007;0
30/08/2007;0
31/08/2007;0
01/09/2007;0
02/09/2007;0
03/09/2007;0
04/09/2007;0
05/09/2007;0
06/09/2007;0
07/09/2007;0
08/09/2007;0
09/09/2007;0
10/09/2007;0
11/09/2007;0
12/09/2007;0
13/09/2007;0
14/09/2007;0
15/09/2007;0
16/09/2007;0
17/09/2007;0
18/09/2007;0
19/09/2007;0
20/09/2007;0
21/09/2007;0
22/09/2007;0
23/09/2007;0
24/09/2007;0
25/09/2007;0
26/09/2007;0
27/09/2007;0
28/09/2007;0
29/09/2007;0
30/09/2007;0
01/10/2007;0
02/10/2007;0
03/10/2007;0
04/10/2007;0
05/10/2007;0
06/10/2007;0
07/10/2007;0
08/10/2007;0
09/10/2007;0
10/10/2007;0
11/10/2007;0
12/10/2007;0
13/10/2007;0
14/10/2007;0
15/10/2007;0
16/10/2007;0
17/10/2007;0
18/10/2007;0
19/10/2007;0
20/10/2007;0
21/10/2007;0
22/10/2007;0
23/10/2007;0
24/10/2007;0
25/10/2007;0
26/10/2007;0
27/10/2007;0
28/10/2007;0
29/10/2007;0
30/10/2007;0
31/10/2007;0
01/11/2007;0
02/11/2007;0
03/11/2007;0
04/11/2007;0
05/11/2007;0
06/11/2007;0
07/11/2007;0
08/11/2007;0
09/11/2007;0
10/11/2007;0
11/11/2007;0
12/11/2007;0
13/11/2007;0
14/11/2007;0
15/11/2007;0
16/11/2007;0
17/11/2007;0
18/11/2007;0
19/11/2007;0
20/11/2007;0
21/11/2007;0
22/11/2007;0
23/11/2007;0
24/11/2007;0
25/11/2007;0
26/11/2007;0
27/11/2007;0
28/11/2007;0
29/11/2007;0
30/11/2007;0
01/12/2007;0
02/12/2007;0
03/12/2007;0
04/12/2007;0
05/12/2007;0
06/12/2007;0
07/12/2007;0
08/12/2007;0
09/12/2007;0
10/12/2007;0
11/12/2007;0
12/12/2007;0
13/12/2007;0
14/12/2007;0
15/12/2007;0
16/12/2007;0
17/12/2007;0
18/12/2007;0
19/12/2007;0
20/12/2007;0
21/12/2007;0
22/12/2007;0
23/12/2007;0
24/12/2007;0
25/12/2007;0
26/12/2007;0
27/12/2007;0
28/12/2007;0
29/12/2007;0
30/12/2007;0
31/12/2007;0
01/01/2008;0
02/01/2008;0
03/01/2008;0
04/01/2008;0
05/01/2008;0
06/01/2008;0
07/01/2008;0
08/01/2008;0
09/01/2008;0
10/01/2008;0
11/01/2008;0
12/01/2008;0
13/01/2008;0
14/01/2008;0
15/01/2008;0
16/01/2008;0
17/01/2008;0
18/01/2008;0
19/01/2008;0
20/01/2008;0
21/01/2008;0
22/01/2008;0
23/01/2008;0
24/01/2008;0
25/01/2008;0
26/01/2008;0
27/01/2008;0
28/01/2008;0
29/01/2008;0
30/01/2008;0
31/01/2008;0
01/02/2008;0
02/02/2008;0
03/02/2008;0
04/02/2008;0
05/02/2008;0
06/02/2008;0
07/02/2008;0
08/02/2008;0
09/02/2008;0
10/02/2008;0
11/02/2008;0
12/02/2008;0
13/02/2008;0
14/02/2008;0
15/02/2008;0
16/02/2008;0
17/02/2008;0
18/02/2008;0
19/02/2008;0
20/02/2008;0
21/02/2008;0
22/02/2008;0
23/02/2008;0
24/02/2008;0
25/02/2008;0
26/02/2008;0
27/02/2008;0
28/02/2008;0
29/02/2008;0
01/03/2008;0
02/03/2008;0
03/03/2008;0
04/03/2008;0
05/03/2008;0
06/03/2008;0
07/03/2008;0
08/03/2008;0
09/03/2008;2
10/03/2008;0
11/03/2008;0
12/03/2008;0
13/03/2008;0
14/03/2008;0
15/03/2008;0
16/03/2008;0
17/03/2008;0
18/03/2008;0
19/03/2008;0
20/03/2008;0
21/03/2008;0
22/03/2008;0
23/03/2008;0
24/03/2008;0
25/03/2008;0
26/03/2008;0
27/03/2008;0
28/03/2008;0
29/03/2008;1
30/03/2008;0
31/03/2008;0
01/04/2008;0
02/04/2008;1
03/04/2008;0
04/04/2008;0
05/04/2008;0
06/04/2008;1
07/04/2008;0
08/04/2008;2
09/04/2008;6
10/04/2008;6
11/04/2008;9
12/04/2008;10
13/04/2008;18
14/04/2008;8
15/04/2008;12
16/04/2008;12
17/04/2008;18
18/04/2008;8
19/04/2008;12
20/04/2008;19
21/04/2008;20
22/04/2008;35
23/04/2008;4
24/04/2008;17
25/04/2008;19
26/04/2008;8
27/04/2008;187
28/04/2008;224
29/04/2008;227
30/04/2008;97
01/05/2008;39
02/05/2008;43
03/05/2008;31
04/05/2008;76
05/05/2008;614
06/05/2008;224
07/05/2008;349
08/05/2008;222
09/05/2008;50
10/05/2008;97
11/05/2008;183
12/05/2008;304
13/05/2008;826
14/05/2008;750
15/05/2008;370
16/05/2008;159
17/05/2008;243
18/05/2008;216
19/05/2008;50
20/05/2008;43
21/05/2008;190
22/05/2008;7
23/05/2008;88
24/05/2008;181
25/05/2008;32
26/05/2008;31
27/05/2008;10
28/05/2008;18
29/05/2008;7
30/05/2008;6
31/05/2008;20
01/06/2008;14
02/06/2008;20
03/06/2008;21
04/06/2008;7
05/06/2008;0
06/06/2008;15
07/06/2008;7
08/06/2008;1
09/06/2008;13
10/06/2008;2
11/06/2008;2
12/06/2008;0
13/06/2008;3
14/06/2008;0
15/06/2008;2
16/06/2008;1
17/06/2008;0
18/06/2008;0
19/06/2008;3
20/06/2008;1
21/06/2008;1
22/06/2008;20
23/06/2008;91
24/06/2008;64
25/06/2008;11
26/06/2008;18
27/06/2008;35
28/06/2008;22
29/06/2008;10
30/06/2008;2
01/07/2008;1
02/07/2008;11
03/07/2008;8
04/07/2008;8
05/07/2008;13
06/07/2008;4
07/07/2008;2
08/07/2008;1
09/07/2008;0
10/07/2008;2
11/07/2008;3
12/07/2008;3
13/07/2008;0
14/07/2008;0
15/07/2008;0
16/07/2008;0
17/07/2008;0
18/07/2008;0
19/07/2008;0
20/07/2008;0
21/07/2008;1
22/07/2008;0
23/07/2008;0
24/07/2008;0
25/07/2008;0
26/07/2008;0
27/07/2008;0
28/07/2008;0
29/07/2008;0
30/07/2008;0
31/07/2008;0
01/08/2008;0
02/08/2008;0
03/08/2008;0
04/08/2008;0
05/08/2008;0
06/08/2008;0
07/08/2008;0
08/08/2008;0
09/08/2008;0
10/08/2008;0
11/08/2008;0
12/08/2008;0
13/08/2008;0
14/08/2008;1
15/08/2008;1
16/08/2008;1
17/08/2008;0
18/08/2008;1
19/08/2008;0
20/08/2008;0
21/08/2008;0
22/08/2008;0
23/08/2008;0
24/08/2008;0
25/08/2008;0
26/08/2008;0
27/08/2008;0
28/08/2008;0
29/08/2008;0
30/08/2008;0
31/08/2008;0
01/09/2008;0
02/09/2008;0
03/09/2008;0
04/09/2008;0
05/09/2008;0
06/09/2008;0
07/09/2008;0
08/09/2008;0
09/09/2008;0
10/09/2008;0
11/09/2008;0
12/09/2008;0
13/09/2008;0
14/09/2008;0
15/09/2008;0
16/09/2008;0
17/09/2008;0
18/09/2008;0
19/09/2008;0
20/09/2008;0
21/09/2008;0
22/09/2008;0
23/09/2008;0
24/09/2008;0
25/09/2008;0
26/09/2008;0
27/09/2008;0
28/09/2008;0
29/09/2008;0
30/09/2008;0
01/10/2008;0
02/10/2008;0
03/10/2008;0
04/10/2008;0
05/10/2008;0
06/10/2008;0
07/10/2008;0
08/10/2008;0
09/10/2008;0
10/10/2008;0
11/10/2008;0
12/10/2008;0
13/10/2008;0
14/10/2008;0
15/10/2008;0
16/10/2008;0
17/10/2008;0
18/10/2008;0
19/10/2008;0
20/10/2008;0
21/10/2008;0
22/10/2008;0
23/10/2008;0
24/10/2008;0
25/10/2008;0
26/10/2008;0
27/10/2008;0
28/10/2008;0
29/10/2008;0
30/10/2008;0
31/10/2008;0
01/11/2008;0
02/11/2008;0
03/11/2008;0
04/11/2008;0
05/11/2008;0
06/11/2008;0
07/11/2008;0
08/11/2008;0
09/11/2008;0
10/11/2008;0
11/11/2008;0
12/11/2008;0
13/11/2008;0
14/11/2008;0
15/11/2008;0
16/11/2008;0
17/11/2008;0
18/11/2008;0
19/11/2008;0
20/11/2008;0
21/11/2008;0
22/11/2008;0
23/11/2008;0
24/11/2008;0
25/11/2008;0
26/11/2008;0
27/11/2008;0
28/11/2008;0
29/11/2008;0
30/11/2008;0
01/12/2008;0
02/12/2008;0
03/12/2008;0
04/12/2008;0
05/12/2008;0
06/12/2008;0
07/12/2008;0
08/12/2008;0
09/12/2008;0
10/12/2008;0
11/12/2008;0
12/12/2008;0
13/12/2008;0
14/12/2008;0
15/12/2008;0
16/12/2008;0
17/12/2008;0
18/12/2008;0
19/12/2008;0
20/12/2008;0
21/12/2008;0
22/12/2008;0
23/12/2008;0
24/12/2008;0
25/12/2008;0
26/12/2008;0
27/12/2008;0
28/12/2008;0
29/12/2008;0
30/12/2008;0
31/12/2008;0
01/01/2009;0
02/01/2009;0
03/01/2009;0
04/01/2009;0
05/01/2009;0
06/01/2009;0
07/01/2009;0
08/01/2009;0
09/01/2009;0
10/01/2009;0
11/01/2009;0
12/01/2009;0
13/01/2009;0
14/01/2009;0
15/01/2009;0
16/01/2009;0
17/01/2009;0
18/01/2009;0
19/01/2009;0
20/01/2009;0
21/01/2009;0
22/01/2009;0
23/01/2009;0
24/01/2009;0
25/01/2009;0
26/01/2009;0
27/01/2009;0
28/01/2009;0
29/01/2009;0
30/01/2009;0
31/01/2009;0
01/02/2009;0
02/02/2009;0
03/02/2009;0
04/02/2009;0
05/02/2009;0
06/02/2009;0
07/02/2009;0
08/02/2009;0
09/02/2009;0
10/02/2009;0
11/02/2009;0
12/02/2009;0
13/02/2009;0
14/02/2009;0
15/02/2009;0
16/02/2009;0
17/02/2009;0
18/02/2009;0
19/02/2009;0
20/02/2009;0
21/02/2009;0
22/02/2009;0
23/02/2009;0
24/02/2009;0
25/02/2009;0
26/02/2009;0
27/02/2009;0
28/02/2009;0
01/03/2009;0
02/03/2009;0
03/03/2009;0
04/03/2009;0
05/03/2009;0
06/03/2009;0
07/03/2009;0
08/03/2009;0
09/03/2009;0
10/03/2009;0
11/03/2009;0
12/03/2009;0
13/03/2009;0
14/03/2009;0
15/03/2009;0
16/03/2009;0
17/03/2009;0
18/03/2009;0
19/03/2009;0
20/03/2009;0
21/03/2009;0
22/03/2009;0
23/03/2009;0
24/03/2009;0
25/03/2009;0
26/03/2009;0
27/03/2009;0
28/03/2009;0
29/03/2009;0
30/03/2009;0
31/03/2009;0
01/04/2009;0
02/04/2009;0
03/04/2009;0
04/04/2009;0
05/04/2009;0
06/04/2009;0
07/04/2009;0
08/04/2009;7
09/04/2009;3
10/04/2009;6
11/04/2009;7
12/04/2009;20
13/04/2009;1
14/04/2009;14
15/04/2009;12
16/04/2009;14
17/04/2009;55
18/04/2009;23
19/04/2009;13
20/04/2009;39
21/04/2009;62
22/04/2009;60
23/04/2009;76
24/04/2009;337
25/04/2009;509
26/04/2009;121
27/04/2009;529
28/04/2009;763
29/04/2009;791
30/04/2009;249
01/05/2009;491
02/05/2009;680
03/05/2009;270
04/05/2009;93
05/05/2009;77
06/05/2009;198
07/05/2009;364
08/05/2009;469
09/05/2009;259
10/05/2009;248
11/05/2009;347
12/05/2009;198
13/05/2009;80
14/05/2009;20
15/05/2009;41
16/05/2009;62
17/05/2009;14
18/05/2009;100
19/05/2009;33
20/05/2009;86
21/05/2009;35
22/05/2009;9
23/05/2009;3
24/05/2009;5
25/05/2009;18
26/05/2009;5
27/05/2009;5
28/05/2009;4
29/05/2009;5
30/05/2009;0
31/05/2009;13
01/06/2009;0
02/06/2009;17
03/06/2009;5
04/06/2009;3
05/06/2009;0
06/06/2009;0
07/06/2009;0
08/06/2009;0
09/06/2009;0
10/06/2009;0
11/06/2009;0
12/06/2009;0
13/06/2009;0
14/06/2009;0
15/06/2009;0
16/06/2009;0
17/06/2009;0
18/06/2009;1
19/06/2009;0
20/06/2009;1
21/06/2009;0
22/06/2009;0
23/06/2009;0
24/06/2009;0
25/06/2009;0
26/06/2009;1
27/06/2009;0
28/06/2009;0
29/06/2009;0
30/06/2009;0
01/07/2009;0
02/07/2009;0
03/07/2009;1
04/07/2009;0
05/07/2009;0
06/07/2009;4
07/07/2009;0
08/07/2009;1
09/07/2009;1
10/07/2009;0
11/07/2009;0
12/07/2009;0
13/07/2009;0
14/07/2009;1
15/07/2009;0
16/07/2009;0
17/07/2009;0
18/07/2009;0
19/07/2009;0
20/07/2009;0
21/07/2009;0
22/07/2009;0
23/07/2009;0
24/07/2009;0
25/07/2009;0
26/07/2009;0
27/07/2009;0
28/07/2009;0
29/07/2009;0
30/07/2009;0
31/07/2009;0
01/08/2009;0
02/08/2009;0
03/08/2009;0
04/08/2009;0
05/08/2009;0
06/08/2009;0
07/08/2009;0
08/08/2009;0
09/08/2009;0
10/08/2009;0
11/08/2009;0
12/08/2009;0
13/08/2009;0
14/08/2009;0
15/08/2009;1
16/08/2009;0
17/08/2009;0
18/08/2009;0
19/08/2009;0
20/08/2009;0
21/08/2009;0
22/08/2009;0
23/08/2009;0
24/08/2009;0
25/08/2009;0
26/08/2009;0
27/08/2009;0
28/08/2009;0
29/08/2009;0
30/08/2009;0
31/08/2009;0
01/09/2009;0
02/09/2009;0
03/09/2009;0
04/09/2009;0
05/09/2009;0
06/09/2009;0
07/09/2009;0
08/09/2009;0
09/09/2009;0
10/09/2009;0
11/09/2009;0
12/09/2009;0
13/09/2009;0
14/09/2009;0
15/09/2009;0
16/09/2009;0
17/09/2009;0
18/09/2009;0
19/09/2009;0
20/09/2009;0
21/09/2009;0
22/09/2009;0
23/09/2009;0
24/09/2009;0
25/09/2009;0
26/09/2009;0
27/09/2009;0
28/09/2009;0
29/09/2009;0
30/09/2009;0
01/10/2009;0
02/10/2009;0
03/10/2009;0
04/10/2009;0
05/10/2009;0
06/10/2009;0
07/10/2009;0
08/10/2009;0
09/10/2009;0
10/10/2009;0
11/10/2009;0
12/10/2009;0
13/10/2009;0
14/10/2009;0
15/10/2009;0
16/10/2009;0
17/10/2009;0
18/10/2009;0
19/10/2009;0
20/10/2009;0
21/10/2009;0
22/10/2009;0
23/10/2009;0
24/10/2009;0
25/10/2009;0
26/10/2009;0
27/10/2009;0
28/10/2009;0
29/10/2009;0
30/10/2009;0
31/10/2009;0
01/11/2009;0
02/11/2009;0
03/11/2009;0
04/11/2009;0
05/11/2009;0
06/11/2009;0
07/11/2009;0
08/11/2009;0
09/11/2009;0
10/11/2009;0
11/11/2009;0
12/11/2009;0
13/11/2009;0
14/11/2009;0
15/11/2009;0
16/11/2009;0
17/11/2009;0
18/11/2009;0
19/11/2009;0
20/11/2009;0
21/11/2009;0
22/11/2009;0
23/11/2009;0
24/11/2009;0
25/11/2009;0
26/11/2009;0
27/11/2009;0
28/11/2009;0
29/11/2009;0
30/11/2009;0
01/12/2009;0
02/12/2009;0
03/12/2009;0
04/12/2009;0
05/12/2009;0
06/12/2009;0
07/12/2009;0
08/12/2009;0
09/12/2009;0
10/12/2009;0
11/12/2009;0
12/12/2009;0
13/12/2009;0
14/12/2009;0
15/12/2009;0
16/12/2009;0
17/12/2009;0
18/12/2009;0
19/12/2009;0
20/12/2009;0
21/12/2009;0
22/12/2009;0
23/12/2009;0
24/12/2009;0
25/12/2009;0
26/12/2009;0
27/12/2009;0
28/12/2009;0
29/12/2009;0
30/12/2009;0
31/12/2009;0
01/01/2010;0
02/01/2010;0
03/01/2010;0
04/01/2010;0
05/01/2010;0
06/01/2010;0
07/01/2010;0
08/01/2010;0
09/01/2010;0
10/01/2010;0
11/01/2010;0
12/01/2010;0
13/01/2010;0
14/01/2010;0
15/01/2010;0
16/01/2010;0
17/01/2010;0
18/01/2010;0
19/01/2010;0
20/01/2010;0
21/01/2010;0
22/01/2010;0
23/01/2010;0
24/01/2010;0
25/01/2010;0
26/01/2010;0
27/01/2010;0
28/01/2010;0
29/01/2010;0
30/01/2010;0
31/01/2010;0
01/02/2010;0
02/02/2010;0
03/02/2010;0
04/02/2010;0
05/02/2010;0
06/02/2010;0
07/02/2010;0
08/02/2010;0
09/02/2010;0
10/02/2010;0
11/02/2010;0
12/02/2010;0
13/02/2010;0
14/02/2010;0
15/02/2010;0
16/02/2010;0
17/02/2010;0
18/02/2010;0
19/02/2010;0
20/02/2010;0
21/02/2010;0
22/02/2010;0
23/02/2010;0
24/02/2010;0
25/02/2010;0
26/02/2010;0
27/02/2010;0
28/02/2010;0
01/03/2010;0
02/03/2010;0
03/03/2010;0
04/03/2010;0
05/03/2010;0
06/03/2010;0
07/03/2010;0
08/03/2010;0
09/03/2010;0
10/03/2010;0
11/03/2010;0
12/03/2010;0
13/03/2010;0
14/03/2010;0
15/03/2010;0
16/03/2010;0
17/03/2010;0
18/03/2010;0
19/03/2010;0
20/03/2010;0
21/03/2010;0
22/03/2010;0
23/03/2010;0
24/03/2010;0
25/03/2010;0
26/03/2010;0
27/03/2010;0
28/03/2010;0
29/03/2010;0
30/03/2010;0
31/03/2010;0
01/04/2010;0
02/04/2010;0
03/04/2010;0
04/04/2010;0
05/04/2010;0
06/04/2010;0
07/04/2010;0
08/04/2010;0
09/04/2010;0
10/04/2010;0
11/04/2010;0
12/04/2010;3
13/04/2010;0
14/04/2010;0
15/04/2010;0
16/04/2010;2
17/04/2010;3
18/04/2010;2
19/04/2010;7
20/04/2010;2
21/04/2010;0
22/04/2010;2
23/04/2010;4
24/04/2010;0
25/04/2010;2
26/04/2010;13
27/04/2010;4
28/04/2010;9
29/04/2010;85
30/04/2010;135
01/05/2010;62
02/05/2010;57
03/05/2010;35
04/05/2010;22
05/05/2010;14
06/05/2010;11
07/05/2010;8
08/05/2010;8
09/05/2010;22
10/05/2010;12
11/05/2010;7
12/05/2010;3
13/05/2010;79
14/05/2010;10
15/05/2010;49
16/05/2010;90
17/05/2010;77
18/05/2010;24
19/05/2010;1943
20/05/2010;2513
21/05/2010;491
22/05/2010;848
23/05/2010;96
24/05/2010;30
25/05/2010;6
26/05/2010;5
27/05/2010;6
28/05/2010;2
29/05/2010;0
30/05/2010;0
31/05/2010;2
01/06/2010;1
02/06/2010;0
03/06/2010;2
04/06/2010;0
05/06/2010;1
06/06/2010;0
07/06/2010;3
08/06/2010;3
09/06/2010;0
10/06/2010;0
11/06/2010;0
12/06/2010;0
13/06/2010;0
14/06/2010;1
15/06/2010;0
16/06/2010;1
17/06/2010;0
18/06/2010;0
19/06/2010;0
20/06/2010;0
21/06/2010;0
22/06/2010;0
23/06/2010;1
24/06/2010;1
25/06/2010;0
26/06/2010;0
27/06/2010;0
28/06/2010;0
29/06/2010;0
30/06/2010;0
01/07/2010;0
02/07/2010;2
03/07/2010;2
04/07/2010;2
05/07/2010;7
06/07/2010;39
07/07/2010;17
08/07/2010;8
09/07/2010;35
10/07/2010;17
11/07/2010;64
12/07/2010;18
13/07/2010;35
14/07/2010;1
15/07/2010;16
16/07/2010;26
17/07/2010;10
18/07/2010;1
19/07/2010;0
20/07/2010;0
21/07/2010;2
22/07/2010;0
23/07/2010;0
24/07/2010;0
25/07/2010;0
26/07/2010;0
27/07/2010;0
28/07/2010;0
29/07/2010;0
30/07/2010;0
31/07/2010;0
01/08/2010;1
02/08/2010;0
03/08/2010;0
04/08/2010;0
05/08/2010;0
06/08/2010;0
07/08/2010;0
08/08/2010;0
09/08/2010;0
10/08/2010;0
11/08/2010;1
12/08/2010;0
13/08/2010;0
14/08/2010;0
15/08/2010;0
16/08/2010;0
17/08/2010;0
18/08/2010;0
19/08/2010;0
20/08/2010;0
21/08/2010;0
22/08/2010;0
23/08/2010;0
24/08/2010;0
25/08/2010;0
26/08/2010;0
27/08/2010;0
28/08/2010;0
29/08/2010;0
30/08/2010;0
31/08/2010;0
01/09/2010;0
02/09/2010;0
03/09/2010;0
04/09/2010;0
05/09/2010;0
06/09/2010;0
07/09/2010;0
08/09/2010;0
09/09/2010;0
10/09/2010;0
11/09/2010;0
12/09/2010;0
13/09/2010;0
14/09/2010;0
15/09/2010;0
16/09/2010;0
17/09/2010;0
18/09/2010;0
19/09/2010;0
20/09/2010;0
21/09/2010;0
22/09/2010;0
23/09/2010;0
24/09/2010;0
25/09/2010;0
26/09/2010;0
27/09/2010;0
28/09/2010;0
29/09/2010;0
30/09/2010;0
01/10/2010;0
02/10/2010;0
03/10/2010;0
04/10/2010;0
05/10/2010;0
06/10/2010;0
07/10/2010;0
08/10/2010;0
09/10/2010;0
10/10/2010;0
11/10/2010;0
12/10/2010;0
13/10/2010;0
14/10/2010;0
15/10/2010;0
16/10/2010;0
17/10/2010;0
18/10/2010;0
19/10/2010;0
20/10/2010;0
21/10/2010;0
22/10/2010;0
23/10/2010;0
24/10/2010;0
25/10/2010;0
26/10/2010;0
27/10/2010;0
28/10/2010;0
29/10/2010;0
30/10/2010;0
31/10/2010;0
01/11/2010;0
02/11/2010;0
03/11/2010;0
04/11/2010;0
05/11/2010;0
06/11/2010;0
07/11/2010;0
08/11/2010;0
09/11/2010;0
10/11/2010;0
11/11/2010;0
12/11/2010;0
13/11/2010;0
14/11/2010;0
15/11/2010;0
16/11/2010;0
17/11/2010;0
18/11/2010;0
19/11/2010;0
20/11/2010;0
21/11/2010;0
22/11/2010;0
23/11/2010;0
24/11/2010;0
25/11/2010;0
26/11/2010;0
27/11/2010;0
28/11/2010;0
29/11/2010;0
30/11/2010;0
01/12/2010;0
02/12/2010;0
03/12/2010;0
04/12/2010;0
05/12/2010;0
06/12/2010;0
07/12/2010;0
08/12/2010;0
09/12/2010;0
10/12/2010;0
11/12/2010;0
12/12/2010;0
13/12/2010;0
14/12/2010;0
15/12/2010;0
16/12/2010;0
17/12/2010;0
18/12/2010;0
19/12/2010;0
20/12/2010;0
21/12/2010;0
22/12/2010;0
23/12/2010;0
24/12/2010;0
25/12/2010;0
26/12/2010;0
27/12/2010;0
28/12/2010;0
29/12/2010;0
30/12/2010;0
31/12/2010;0
01/01/2011;0
02/01/2011;0
03/01/2011;0
04/01/2011;0
05/01/2011;0
06/01/2011;0
07/01/2011;0
08/01/2011;0
09/01/2011;0
10/01/2011;0
11/01/2011;0
12/01/2011;0
13/01/2011;0
14/01/2011;0
15/01/2011;0
16/01/2011;0
17/01/2011;0
18/01/2011;0
19/01/2011;0
20/01/2011;0
21/01/2011;0
22/01/2011;0
23/01/2011;0
24/01/2011;0
25/01/2011;0
26/01/2011;0
27/01/2011;0
28/01/2011;0
29/01/2011;0
30/01/2011;0
31/01/2011;0
01/02/2011;0
02/02/2011;0
03/02/2011;0
04/02/2011;0
05/02/2011;0
06/02/2011;0
07/02/2011;0
08/02/2011;0
09/02/2011;0
10/02/2011;0
11/02/2011;0
12/02/2011;0
13/02/2011;0
14/02/2011;0
15/02/2011;0
16/02/2011;0
17/02/2011;0
18/02/2011;0
19/02/2011;0
20/02/2011;0
21/02/2011;0
22/02/2011;0
23/02/2011;0
24/02/2011;0
25/02/2011;0
26/02/2011;0
27/02/2011;0
28/02/2011;0
01/03/2011;0
02/03/2011;0
03/03/2011;0
04/03/2011;0
05/03/2011;0
06/03/2011;0
07/03/2011;0
08/03/2011;0
09/03/2011;0
10/03/2011;0
11/03/2011;0
12/03/2011;0
13/03/2011;0
14/03/2011;0
15/03/2011;0
16/03/2011;0
17/03/2011;0
18/03/2011;0
19/03/2011;0
20/03/2011;0
21/03/2011;0
22/03/2011;0
23/03/2011;0
24/03/2011;0
25/03/2011;0
26/03/2011;0
27/03/2011;0
28/03/2011;0
29/03/2011;0
30/03/2011;0
31/03/2011;0
01/04/2011;0
02/04/2011;2
03/04/2011;3
04/04/2011;11
05/04/2011;5
06/04/2011;3
07/04/2011;11
08/04/2011;21
09/04/2011;23
10/04/2011;15
11/04/2011;10
12/04/2011;24
13/04/2011;12
14/04/2011;199
15/04/2011;95
16/04/2011;131
17/04/2011;269
18/04/2011;548
19/04/2011;310
20/04/2011;218
21/04/2011;68
22/04/2011;79
23/04/2011;43
24/04/2011;31
25/04/2011;105
26/04/2011;34
27/04/2011;23
28/04/2011;86
29/04/2011;361
30/04/2011;272
01/05/2011;31
02/05/2011;5
03/05/2011;2
04/05/2011;12
05/05/2011;22
06/05/2011;300
07/05/2011;101
08/05/2011;331
09/05/2011;81
10/05/2011;360
11/05/2011;900
12/05/2011;224
13/05/2011;428
14/05/2011;278
15/05/2011;63
16/05/2011;89
17/05/2011;89
18/05/2011;64
19/05/2011;47
20/05/2011;24
21/05/2011;13
22/05/2011;17
23/05/2011;28
24/05/2011;12
25/05/2011;6
26/05/2011;27
27/05/2011;8
28/05/2011;15
29/05/2011;5
30/05/2011;3
31/05/2011;2
01/06/2011;1
02/06/2011;3
03/06/2011;7
04/06/2011;0
05/06/2011;3
06/06/2011;2
07/06/2011;0
08/06/2011;0
09/06/2011;1
10/06/2011;2
11/06/2011;0
12/06/2011;3
13/06/2011;0
14/06/2011;0
15/06/2011;0
16/06/2011;0
17/06/2011;0
18/06/2011;1
19/06/2011;2
20/06/2011;0
21/06/2011;0
22/06/2011;0
23/06/2011;1
24/06/2011;1
25/06/2011;0
26/06/2011;0
27/06/2011;0
28/06/2011;1
29/06/2011;0
30/06/2011;0
01/07/2011;0
02/07/2011;0
03/07/2011;0
04/07/2011;0
05/07/2011;0
06/07/2011;0
07/07/2011;0
08/07/2011;0
09/07/2011;0
10/07/2011;0
11/07/2011;0
12/07/2011;0
13/07/2011;0
14/07/2011;0
15/07/2011;0
16/07/2011;0
17/07/2011;0
18/07/2011;0
19/07/2011;0
20/07/2011;0
21/07/2011;0
22/07/2011;0
23/07/2011;0
24/07/2011;0
25/07/2011;0
26/07/2011;0
27/07/2011;0
28/07/2011;0
29/07/2011;0
30/07/2011;0
31/07/2011;0
01/08/2011;0
02/08/2011;0
03/08/2011;0
04/08/2011;0
05/08/2011;0
06/08/2011;0
07/08/2011;0
08/08/2011;0
09/08/2011;0
10/08/2011;0
11/08/2011;0
12/08/2011;0
13/08/2011;0
14/08/2011;0
15/08/2011;0
16/08/2011;0
17/08/2011;0
18/08/2011;0
19/08/2011;0
20/08/2011;0
21/08/2011;0
22/08/2011;0
23/08/2011;0
24/08/2011;0
25/08/2011;0
26/08/2011;0
27/08/2011;0
28/08/2011;0
29/08/2011;0
30/08/2011;0
31/08/2011;0
01/09/2011;0
02/09/2011;0
03/09/2011;0
04/09/2011;0
05/09/2011;0
06/09/2011;0
07/09/2011;0
08/09/2011;0
09/09/2011;0
10/09/2011;0
11/09/2011;0
12/09/2011;0
13/09/2011;0
14/09/2011;0
15/09/2011;0
16/09/2011;0
17/09/2011;0
18/09/2011;0
19/09/2011;0
20/09/2011;0
21/09/2011;0
22/09/2011;0
23/09/2011;0
24/09/2011;0
25/09/2011;0
26/09/2011;0
27/09/2011;0
28/09/2011;0
29/09/2011;0
30/09/2011;0
01/10/2011;0
02/10/2011;0
03/10/2011;0
04/10/2011;0
05/10/2011;0
06/10/2011;0
07/10/2011;0
08/10/2011;0
09/10/2011;0
10/10/2011;0
11/10/2011;0
12/10/2011;0
13/10/2011;0
14/10/2011;0
15/10/2011;0
16/10/2011;0
17/10/2011;0
18/10/2011;0
19/10/2011;0
20/10/2011;0
21/10/2011;0
22/10/2011;0
23/10/2011;0
24/10/2011;0
25/10/2011;0
26/10/2011;0
27/10/2011;0
28/10/2011;0
29/10/2011;0
30/10/2011;0
31/10/2011;0
01/11/2011;0
02/11/2011;0
03/11/2011;0
04/11/2011;0
05/11/2011;0
06/11/2011;0
07/11/2011;0
08/11/2011;0
09/11/2011;0
10/11/2011;0
11/11/2011;0
12/11/2011;0
13/11/2011;0
14/11/2011;0
15/11/2011;0
16/11/2011;0
17/11/2011;0
18/11/2011;0
19/11/2011;0
20/11/2011;0
21/11/2011;0
22/11/2011;0
23/11/2011;0
24/11/2011;0
25/11/2011;0
26/11/2011;0
27/11/2011;0
28/11/2011;0
29/11/2011;0
30/11/2011;0
01/12/2011;0
02/12/2011;0
03/12/2011;0
04/12/2011;0
05/12/2011;0
06/12/2011;0
07/12/2011;0
08/12/2011;0
09/12/2011;0
10/12/2011;0
11/12/2011;0
12/12/2011;0
13/12/2011;0
14/12/2011;0
15/12/2011;0
16/12/2011;0
17/12/2011;0
18/12/2011;0
19/12/2011;0
20/12/2011;0
21/12/2011;0
22/12/2011;0
23/12/2011;0
24/12/2011;0
25/12/2011;0
26/12/2011;0
27/12/2011;0
28/12/2011;0
29/12/2011;0
30/12/2011;0
31/12/2011;0
01/01/2012;0
02/01/2012;0
03/01/2012;0
04/01/2012;0
05/01/2012;0
06/01/2012;0
07/01/2012;0
08/01/2012;0
09/01/2012;0
10/01/2012;0
11/01/2012;0
12/01/2012;0
13/01/2012;0
14/01/2012;0
15/01/2012;0
16/01/2012;0
17/01/2012;0
18/01/2012;0
19/01/2012;0
20/01/2012;0
21/01/2012;0
22/01/2012;0
23/01/2012;0
24/01/2012;0
25/01/2012;0
26/01/2012;0
27/01/2012;0
28/01/2012;0
29/01/2012;0
30/01/2012;0
31/01/2012;0
01/02/2012;0
02/02/2012;0
03/02/2012;0
04/02/2012;0
05/02/2012;0
06/02/2012;0
07/02/2012;0
08/02/2012;0
09/02/2012;0
10/02/2012;0
11/02/2012;0
12/02/2012;0
13/02/2012;0
14/02/2012;0
15/02/2012;0
16/02/2012;0
17/02/2012;0
18/02/2012;0
19/02/2012;0
20/02/2012;0
21/02/2012;0
22/02/2012;0
23/02/2012;0
24/02/2012;0
25/02/2012;0
26/02/2012;0
27/02/2012;0
28/02/2012;0
29/02/2012;0
01/03/2012;0
02/03/2012;0
03/03/2012;0
04/03/2012;0
05/03/2012;0
06/03/2012;0
07/03/2012;0
08/03/2012;0
09/03/2012;0
10/03/2012;0
11/03/2012;0
12/03/2012;0
13/03/2012;0
14/03/2012;0
15/03/2012;0
16/03/2012;0
17/03/2012;0
18/03/2012;1
19/03/2012;0
20/03/2012;0
21/03/2012;0
22/03/2012;0
23/03/2012;0
24/03/2012;0
25/03/2012;1
26/03/2012;0
27/03/2012;0
28/03/2012;1
29/03/2012;0
30/03/2012;1
31/03/2012;0
01/04/2012;0
02/04/2012;2
03/04/2012;3
04/04/2012;6
05/04/2012;1
06/04/2012;2
07/04/2012;3
08/04/2012;6
09/04/2012;9
10/04/2012;77
11/04/2012;98
12/04/2012;126
13/04/2012;126
14/04/2012;103
15/04/2012;65
16/04/2012;51
17/04/2012;76
18/04/2012;322
19/04/2012;487
20/04/2012;466
21/04/2012;313
22/04/2012;126
23/04/2012;125
24/04/2012;301
25/04/2012;163
26/04/2012;75
27/04/2012;32
28/04/2012;50
29/04/2012;27
30/04/2012;8
01/05/2012;3
02/05/2012;8
03/05/2012;11
04/05/2012;8
05/05/2012;5
06/05/2012;7
07/05/2012;7
08/05/2012;5
09/05/2012;29
10/05/2012;10
11/05/2012;23
12/05/2012;96
13/05/2012;38
14/05/2012;68
15/05/2012;368
16/05/2012;1039
17/05/2012;893
18/05/2012;759
19/05/2012;211
20/05/2012;270
21/05/2012;15
22/05/2012;75
23/05/2012;165
24/05/2012;75
25/05/2012;147
26/05/2012;35
27/05/2012;18
28/05/2012;13
29/05/2012;8
30/05/2012;4
31/05/2012;1
01/06/2012;3
02/06/2012;6
03/06/2012;4
04/06/2012;6
05/06/2012;1
06/06/2012;6
07/06/2012;1
08/06/2012;4
09/06/2012;1
10/06/2012;3
11/06/2012;8
12/06/2012;2
13/06/2012;1
14/06/2012;0
15/06/2012;0
16/06/2012;0
17/06/2012;0
18/06/2012;1
19/06/2012;0
20/06/2012;0
21/06/2012;0
22/06/2012;0
23/06/2012;0
24/06/2012;0
25/06/2012;0
26/06/2012;0
27/06/2012;0
28/06/2012;0
29/06/2012;0
30/06/2012;0
01/07/2012;0
02/07/2012;1
03/07/2012;0
04/07/2012;0
05/07/2012;0
06/07/2012;0
07/07/2012;0
08/07/2012;0
09/07/2012;0
10/07/2012;0
11/07/2012;0
12/07/2012;0
13/07/2012;0
14/07/2012;0
15/07/2012;0
16/07/2012;0
17/07/2012;0
18/07/2012;0
19/07/2012;0
20/07/2012;0
21/07/2012;0
22/07/2012;0
23/07/2012;0
24/07/2012;0
25/07/2012;0
26/07/2012;0
27/07/2012;0
28/07/2012;0
29/07/2012;0
30/07/2012;0
31/07/2012;0
01/08/2012;0
02/08/2012;0
03/08/2012;0
04/08/2012;0
05/08/2012;0
06/08/2012;0
07/08/2012;0
08/08/2012;0
09/08/2012;0
10/08/2012;0
11/08/2012;0
12/08/2012;0
13/08/2012;0
14/08/2012;0
15/08/2012;0
16/08/2012;0
17/08/2012;0
18/08/2012;0
19/08/2012;0
20/08/2012;0
21/08/2012;0
22/08/2012;1
23/08/2012;0
24/08/2012;0
25/08/2012;0
26/08/2012;0
27/08/2012;0
28/08/2012;1
29/08/2012;0
30/08/2012;0
31/08/2012;0
01/09/2012;0
02/09/2012;0
03/09/2012;0
04/09/2012;0
05/09/2012;0
06/09/2012;0
07/09/2012;0
08/09/2012;0
09/09/2012;0
10/09/2012;0
11/09/2012;0
12/09/2012;0
13/09/2012;0
14/09/2012;0
15/09/2012;0
16/09/2012;0
17/09/2012;0
18/09/2012;0
19/09/2012;0
20/09/2012;0
21/09/2012;0
22/09/2012;0
23/09/2012;0
24/09/2012;0
25/09/2012;0
26/09/2012;0
27/09/2012;0
28/09/2012;0
29/09/2012;0
30/09/2012;0
01/10/2012;0
02/10/2012;0
03/10/2012;0
04/10/2012;0
05/10/2012;0
06/10/2012;0
07/10/2012;0
08/10/2012;0
09/10/2012;0
10/10/2012;0
11/10/2012;0
12/10/2012;0
13/10/2012;0
14/10/2012;0
15/10/2012;0
16/10/2012;0
17/10/2012;0
18/10/2012;0
19/10/2012;0
20/10/2012;0
21/10/2012;0
22/10/2012;0
23/10/2012;0
24/10/2012;0
25/10/2012;0
26/10/2012;0
27/10/2012;0
28/10/2012;0
29/10/2012;0
30/10/2012;0
31/10/2012;0
01/11/2012;0
02/11/2012;0
03/11/2012;0
04/11/2012;0
05/11/2012;0
06/11/2012;0
07/11/2012;0
08/11/2012;0
09/11/2012;0
10/11/2012;0
11/11/2012;0
12/11/2012;0
13/11/2012;0
14/11/2012;0
15/11/2012;0
16/11/2012;0
17/11/2012;0
18/11/2012;0
19/11/2012;0
20/11/2012;0
21/11/2012;0
22/11/2012;0
23/11/2012;0
24/11/2012;0
25/11/2012;0
26/11/2012;0
27/11/2012;0
28/11/2012;0
29/11/2012;0
30/11/2012;0
01/12/2012;0
02/12/2012;0
03/12/2012;0
04/12/2012;0
05/12/2012;0
06/12/2012;0
07/12/2012;0
08/12/2012;0
09/12/2012;0
10/12/2012;0
11/12/2012;0
12/12/2012;0
13/12/2012;0
14/12/2012;0
15/12/2012;0
16/12/2012;0
17/12/2012;0
18/12/2012;0
19/12/2012;0
20/12/2012;0
21/12/2012;0
22/12/2012;0
23/12/2012;0
24/12/2012;0
25/12/2012;0
26/12/2012;0
27/12/2012;0
28/12/2012;0
29/12/2012;0
30/12/2012;0
31/12/2012;0
01/01/2013;0
02/01/2013;0
03/01/2013;0
04/01/2013;0
05/01/2013;0
06/01/2013;0
07/01/2013;0
08/01/2013;0
09/01/2013;0
10/01/2013;0
11/01/2013;0
12/01/2013;0
13/01/2013;0
14/01/2013;0
15/01/2013;0
16/01/2013;0
17/01/2013;0
18/01/2013;0
19/01/2013;0
20/01/2013;0
21/01/2013;0
22/01/2013;0
23/01/2013;0
24/01/2013;0
25/01/2013;0
26/01/2013;0
27/01/2013;0
28/01/2013;0
29/01/2013;0
30/01/2013;0
31/01/2013;0
01/02/2013;0
02/02/2013;0
03/02/2013;0
04/02/2013;0
05/02/2013;0
06/02/2013;0
07/02/2013;0
08/02/2013;0
09/02/2013;0
10/02/2013;0
11/02/2013;0
12/02/2013;0
13/02/2013;0
14/02/2013;0
15/02/2013;0
16/02/2013;0
17/02/2013;0
18/02/2013;0
19/02/2013;0
20/02/2013;0
21/02/2013;0
22/02/2013;0
23/02/2013;0
24/02/2013;0
25/02/2013;0
26/02/2013;0
27/02/2013;0
28/02/2013;0
01/03/2013;0
02/03/2013;0
03/03/2013;0
04/03/2013;0
05/03/2013;0
06/03/2013;0
07/03/2013;0
08/03/2013;0
09/03/2013;0
10/03/2013;0
11/03/2013;0
12/03/2013;0
13/03/2013;0
14/03/2013;0
15/03/2013;0
16/03/2013;0
17/03/2013;0
18/03/2013;0
19/03/2013;0
20/03/2013;0
21/03/2013;0
22/03/2013;0
23/03/2013;0
24/03/2013;0
25/03/2013;0
26/03/2013;0
27/03/2013;0
28/03/2013;0
29/03/2013;0
30/03/2013;0
31/03/2013;0
01/04/2013;0
02/04/2013;0
03/04/2013;0
04/04/2013;0
05/04/2013;0
06/04/2013;0
07/04/2013;0
08/04/2013;0
09/04/2013;0
10/04/2013;0
11/04/2013;0
12/04/2013;0
13/04/2013;0
14/04/2013;0
15/04/2013;0
16/04/2013;0
17/04/2013;2
18/04/2013;4
19/04/2013;13
20/04/2013;7
21/04/2013;1
22/04/2013;16
23/04/2013;14
24/04/2013;12
25/04/2013;10
26/04/2013;79
27/04/2013;64
28/04/2013;33
29/04/2013;17
30/04/2013;11
01/05/2013;16
02/05/2013;43
03/05/2013;20
04/05/2013;250
05/05/2013;107
06/05/2013;122
07/05/2013;249
08/05/2013;235
09/05/2013;160
10/05/2013;67
11/05/2013;70
12/05/2013;42
13/05/2013;50
14/05/2013;37
15/05/2013;178
16/05/2013;713
17/05/2013;807
18/05/2013;251
19/05/2013;285
20/05/2013;487
21/05/2013;551
22/05/2013;241
23/05/2013;155
24/05/2013;141
25/05/2013;18
26/05/2013;4
27/05/2013;54
28/05/2013;36
29/05/2013;216
30/05/2013;63
31/05/2013;25
01/06/2013;19
02/06/2013;12
03/06/2013;56
04/06/2013;123
05/06/2013;50
06/06/2013;8
07/06/2013;18
08/06/2013;9
09/06/2013;3
10/06/2013;6
11/06/2013;0
12/06/2013;1
13/06/2013;4
14/06/2013;1
15/06/2013;16
16/06/2013;16
17/06/2013;10
18/06/2013;5
19/06/2013;2
20/06/2013;1
21/06/2013;0
22/06/2013;1
23/06/2013;2
24/06/2013;0
25/06/2013;0
26/06/2013;1
27/06/2013;0
28/06/2013;1
29/06/2013;0
30/06/2013;0
01/07/2013;0
02/07/2013;0
03/07/2013;2
04/07/2013;1
05/07/2013;3
06/07/2013;0
07/07/2013;0
08/07/2013;2
09/07/2013;0
10/07/2013;1
11/07/2013;0
12/07/2013;0
13/07/2013;0
14/07/2013;0
15/07/2013;0
16/07/2013;0
17/07/2013;0
18/07/2013;0
19/07/2013;0
20/07/2013;0
21/07/2013;0
22/07/2013;0
23/07/2013;0
24/07/2013;0
25/07/2013;0
26/07/2013;0
27/07/2013;0
28/07/2013;0
29/07/2013;0
30/07/2013;0
31/07/2013;0
01/08/2013;0
02/08/2013;0
03/08/2013;0
04/08/2013;0
05/08/2013;0
06/08/2013;0
07/08/2013;0
08/08/2013;0
09/08/2013;0
10/08/2013;0
11/08/2013;0
12/08/2013;0
13/08/2013;0
14/08/2013;0
15/08/2013;0
16/08/2013;0
17/08/2013;0
18/08/2013;0
19/08/2013;1
20/08/2013;0
21/08/2013;2
22/08/2013;1
23/08/2013;0
24/08/2013;0
25/08/2013;1
26/08/2013;0
27/08/2013;0
28/08/2013;0
29/08/2013;0
30/08/2013;0
31/08/2013;0
01/09/2013;0
02/09/2013;0
03/09/2013;0
04/09/2013;0
05/09/2013;0
06/09/2013;0
07/09/2013;0
08/09/2013;0
09/09/2013;0
10/09/2013;0
11/09/2013;0
12/09/2013;0
13/09/2013;0
14/09/2013;0
15/09/2013;0
16/09/2013;0
17/09/2013;0
18/09/2013;0
19/09/2013;0
20/09/2013;0
21/09/2013;0
22/09/2013;0
23/09/2013;0
24/09/2013;0
25/09/2013;0
26/09/2013;0
27/09/2013;0
28/09/2013;0
29/09/2013;0
30/09/2013;0
01/10/2013;0
02/10/2013;0
03/10/2013;0
04/10/2013;0
05/10/2013;0
06/10/2013;0
07/10/2013;0
08/10/2013;0
09/10/2013;0
10/10/2013;0
11/10/2013;0
12/10/2013;0
13/10/2013;0
14/10/2013;0
15/10/2013;0
16/10/2013;0
17/10/2013;0
18/10/2013;0
19/10/2013;0
20/10/2013;0
21/10/2013;0
22/10/2013;0
23/10/2013;0
24/10/2013;0
25/10/2013;0
26/10/2013;0
27/10/2013;0
28/10/2013;0
29/10/2013;0
30/10/2013;0
31/10/2013;0
01/11/2013;0
02/11/2013;0
03/11/2013;0
04/11/2013;0
05/11/2013;0
06/11/2013;0
07/11/2013;0
08/11/2013;0
09/11/2013;0
10/11/2013;0
11/11/2013;0
12/11/2013;0
13/11/2013;0
14/11/2013;0
15/11/2013;0
16/11/2013;0
17/11/2013;0
18/11/2013;0
19/11/2013;0
20/11/2013;0
21/11/2013;0
22/11/2013;0
23/11/2013;0
24/11/2013;0
25/11/2013;0
26/11/2013;0
27/11/2013;0
28/11/2013;0
29/11/2013;0
30/11/2013;0
01/12/2013;0
02/12/2013;0
03/12/2013;0
04/12/2013;0
05/12/2013;0
06/12/2013;0
07/12/2013;0
08/12/2013;0
09/12/2013;0
10/12/2013;0
11/12/2013;0
12/12/2013;0
13/12/2013;0
14/12/2013;0
15/12/2013;0
16/12/2013;0
17/12/2013;0
18/12/2013;0
19/12/2013;0
20/12/2013;0
21/12/2013;0
22/12/2013;0
23/12/2013;0
24/12/2013;0
25/12/2013;0
26/12/2013;0
27/12/2013;0
28/12/2013;0
29/12/2013;0
30/12/2013;0
31/12/2013;0
01/01/2014;0
02/01/2014;0
03/01/2014;0
04/01/2014;0
05/01/2014;0
06/01/2014;0
07/01/2014;0
08/01/2014;0
09/01/2014;0
10/01/2014;0
11/01/2014;0
12/01/2014;0
13/01/2014;0
14/01/2014;0
15/01/2014;0
16/01/2014;0
17/01/2014;0
18/01/2014;0
19/01/2014;0
20/01/2014;0
21/01/2014;0
22/01/2014;0
23/01/2014;0
24/01/2014;0
25/01/2014;0
26/01/2014;0
27/01/2014;0
28/01/2014;0
29/01/2014;0
30/01/2014;0
31/01/2014;0
01/02/2014;0
02/02/2014;0
03/02/2014;0
04/02/2014;0
05/02/2014;0
06/02/2014;0
07/02/2014;0
08/02/2014;0
09/02/2014;0
10/02/2014;0
11/02/2014;0
12/02/2014;0
13/02/2014;0
14/02/2014;0
15/02/2014;0
16/02/2014;0
17/02/2014;0
18/02/2014;0
19/02/2014;0
20/02/2014;0
21/02/2014;0
22/02/2014;0
23/02/2014;0
24/02/2014;0
25/02/2014;0
26/02/2014;0
27/02/2014;0
28/02/2014;0
01/03/2014;0
02/03/2014;0
03/03/2014;0
04/03/2014;0
05/03/2014;0
06/03/2014;0
07/03/2014;0
08/03/2014;0
09/03/2014;0
10/03/2014;0
11/03/2014;0
12/03/2014;0
13/03/2014;0
14/03/2014;0
15/03/2014;0
16/03/2014;0
17/03/2014;0
18/03/2014;0
19/03/2014;0
20/03/2014;0
21/03/2014;0
22/03/2014;0
23/03/2014;0
24/03/2014;0
25/03/2014;0
26/03/2014;0
27/03/2014;1
28/03/2014;0
29/03/2014;0
30/03/2014;0
31/03/2014;0
01/04/2014;0
02/04/2014;1
03/04/2014;1
04/04/2014;0
05/04/2014;0
06/04/2014;0
07/04/2014;2
08/04/2014;1
09/04/2014;2
10/04/2014;5
11/04/2014;16
12/04/2014;4
13/04/2014;9
14/04/2014;5
15/04/2014;8
16/04/2014;60
17/04/2014;4
18/04/2014;65
19/04/2014;56
20/04/2014;67
21/04/2014;27
22/04/2014;15
23/04/2014;17
24/04/2014;44
25/04/2014;110
26/04/2014;49
27/04/2014;140
28/04/2014;559
29/04/2014;280
30/04/2014;110
01/05/2014;200
02/05/2014;96
03/05/2014;35
04/05/2014;270
05/05/2014;518
06/05/2014;994
07/05/2014;997
08/05/2014;391
09/05/2014;449
10/05/2014;405
11/05/2014;225
12/05/2014;406
13/05/2014;206
14/05/2014;186
15/05/2014;555
16/05/2014;39
17/05/2014;67
18/05/2014;120
19/05/2014;203
20/05/2014;48
21/05/2014;17
22/05/2014;28
23/05/2014;10
24/05/2014;13
25/05/2014;4
26/05/2014;0
27/05/2014;1
28/05/2014;2
29/05/2014;4
30/05/2014;1
31/05/2014;0
01/06/2014;0
02/06/2014;0
03/06/2014;0
04/06/2014;0
05/06/2014;0
06/06/2014;0
07/06/2014;0
08/06/2014;0
09/06/2014;0
10/06/2014;0
11/06/2014;0
12/06/2014;0
13/06/2014;0
14/06/2014;0
15/06/2014;0
16/06/2014;1
17/06/2014;0
18/06/2014;0
19/06/2014;0
20/06/2014;0
21/06/2014;0
22/06/2014;0
23/06/2014;0
24/06/2014;0
25/06/2014;0
26/06/2014;0
27/06/2014;0
28/06/2014;0
29/06/2014;0
30/06/2014;0
01/07/2014;0
02/07/2014;0
03/07/2014;0
04/07/2014;0
05/07/2014;0
06/07/2014;0
07/07/2014;0
08/07/2014;0
09/07/2014;0
10/07/2014;0
11/07/2014;0
12/07/2014;0
13/07/2014;0
14/07/2014;0
15/07/2014;0
16/07/2014;1
17/07/2014;0
18/07/2014;0
19/07/2014;0
20/07/2014;0
21/07/2014;0
22/07/2014;0
23/07/2014;0
24/07/2014;0
25/07/2014;0
26/07/2014;0
27/07/2014;0
28/07/2014;0
29/07/2014;0
30/07/2014;0
31/07/2014;0
01/08/2014;0
02/08/2014;0
03/08/2014;0
04/08/2014;0
05/08/2014;0
06/08/2014;0
07/08/2014;0
08/08/2014;0
09/08/2014;0
10/08/2014;0
11/08/2014;0
12/08/2014;0
13/08/2014;0
14/08/2014;0
15/08/2014;0
16/08/2014;0
17/08/2014;0
18/08/2014;0
19/08/2014;0
20/08/2014;0
21/08/2014;0
22/08/2014;0
23/08/2014;0
24/08/2014;0
25/08/2014;0
26/08/2014;0
27/08/2014;0
28/08/2014;0
29/08/2014;0
30/08/2014;0
31/08/2014;0
01/09/2014;0
02/09/2014;0
03/09/2014;0
04/09/2014;0
05/09/2014;0
06/09/2014;0
07/09/2014;0
08/09/2014;0
09/09/2014;0
10/09/2014;0
11/09/2014;0
12/09/2014;0
13/09/2014;0
14/09/2014;0
15/09/2014;0
16/09/2014;0
17/09/2014;0
18/09/2014;0
19/09/2014;0
20/09/2014;0
21/09/2014;0
22/09/2014;0
23/09/2014;0
24/09/2014;0
25/09/2014;0
26/09/2014;0
27/09/2014;0
28/09/2014;0
29/09/2014;0
30/09/2014;0
01/10/2014;0
02/10/2014;0
03/10/2014;0
04/10/2014;0
05/10/2014;0
06/10/2014;0
07/10/2014;0
08/10/2014;0
09/10/2014;0
10/10/2014;0
11/10/2014;0
12/10/2014;0
13/10/2014;0
14/10/2014;0
15/10/2014;0
16/10/2014;0
17/10/2014;0
18/10/2014;0
19/10/2014;0
20/10/2014;0
21/10/2014;0
22/10/2014;0
23/10/2014;0
24/10/2014;0
25/10/2014;0
26/10/2014;0
27/10/2014;0
28/10/2014;0
29/10/2014;0
30/10/2014;0
31/10/2014;0
01/11/2014;0
02/11/2014;0
03/11/2014;0
04/11/2014;0
05/11/2014;0
06/11/2014;0
07/11/2014;0
08/11/2014;0
09/11/2014;0
10/11/2014;0
11/11/2014;0
12/11/2014;0
13/11/2014;0
14/11/2014;0
15/11/2014;0
16/11/2014;0
17/11/2014;0
18/11/2014;0
19/11/2014;0
20/11/2014;0
21/11/2014;0
22/11/2014;0
23/11/2014;0
24/11/2014;0
25/11/2014;0
26/11/2014;0
27/11/2014;0
28/11/2014;0
29/11/2014;0
30/11/2014;0
01/12/2014;0
02/12/2014;0
03/12/2014;0
04/12/2014;0
05/12/2014;0
06/12/2014;0
07/12/2014;0
08/12/2014;0
09/12/2014;0
10/12/2014;0
11/12/2014;0
12/12/2014;0
13/12/2014;0
14/12/2014;0
15/12/2014;0
16/12/2014;0
17/12/2014;0
18/12/2014;0
19/12/2014;0
20/12/2014;0
21/12/2014;0
22/12/2014;0
23/12/2014;0
24/12/2014;0
25/12/2014;0
26/12/2014;0
27/12/2014;0
28/12/2014;0
29/12/2014;0
30/12/2014;0
31/12/2014;0
01/01/2015;0
02/01/2015;0
03/01/2015;0
04/01/2015;0
05/01/2015;0
06/01/2015;0
07/01/2015;0
08/01/2015;0
09/01/2015;0
10/01/2015;0
11/01/2015;0
12/01/2015;0
13/01/2015;0
14/01/2015;0
15/01/2015;0
16/01/2015;0
17/01/2015;0
18/01/2015;0
19/01/2015;0
20/01/2015;0
21/01/2015;0
22/01/2015;0
23/01/2015;0
24/01/2015;0
25/01/2015;0
26/01/2015;0
27/01/2015;0
28/01/2015;0
29/01/2015;0
30/01/2015;0
31/01/2015;0
01/02/2015;0
02/02/2015;0
03/02/2015;0
04/02/2015;0
05/02/2015;0
06/02/2015;0
07/02/2015;0
08/02/2015;0
09/02/2015;0
10/02/2015;0
11/02/2015;0
12/02/2015;0
13/02/2015;0
14/02/2015;0
15/02/2015;0
16/02/2015;0
17/02/2015;0
18/02/2015;0
19/02/2015;0
20/02/2015;0
21/02/2015;0
22/02/2015;0
23/02/2015;0
24/02/2015;0
25/02/2015;0
26/02/2015;0
27/02/2015;0
28/02/2015;0
01/03/2015;0
02/03/2015;0
03/03/2015;0
04/03/2015;0
05/03/2015;0
06/03/2015;0
07/03/2015;1
08/03/2015;0
09/03/2015;0
10/03/2015;0
11/03/2015;0
12/03/2015;0
13/03/2015;0
14/03/2015;0
15/03/2015;0
16/03/2015;0
17/03/2015;0
18/03/2015;0
19/03/2015;0
20/03/2015;0
21/03/2015;0
22/03/2015;0
23/03/2015;1
24/03/2015;0
25/03/2015;0
26/03/2015;0
27/03/2015;0
28/03/2015;0
29/03/2015;2
30/03/2015;0
31/03/2015;0
01/04/2015;0
02/04/2015;0
03/04/2015;0
04/04/2015;0
05/04/2015;2
06/04/2015;2
07/04/2015;1
08/04/2015;8
09/04/2015;13
10/04/2015;4
11/04/2015;2
12/04/2015;5
13/04/2015;18
14/04/2015;5
15/04/2015;5
16/04/2015;44
17/04/2015;51
18/04/2015;56
19/04/2015;56
20/04/2015;26
21/04/2015;107
22/04/2015;67
23/04/2015;17
24/04/2015;24
25/04/2015;47
26/04/2015;78
27/04/2015;34
28/04/2015;16
29/04/2015;59
30/04/2015;410
01/05/2015;301
02/05/2015;157
03/05/2015;170
04/05/2015;223
05/05/2015;27
06/05/2015;356
07/05/2015;2267
08/05/2015;171
09/05/2015;417
10/05/2015;202
11/05/2015;214
12/05/2015;118
13/05/2015;127
14/05/2015;269
15/05/2015;60
16/05/2015;116
17/05/2015;26
18/05/2015;98
19/05/2015;39
20/05/2015;89
21/05/2015;84
22/05/2015;17
23/05/2015;45
24/05/2015;47
25/05/2015;34
26/05/2015;49
27/05/2015;40
28/05/2015;9
29/05/2015;8
30/05/2015;19
31/05/2015;10
01/06/2015;14
02/06/2015;12
03/06/2015;8
04/06/2015;10
05/06/2015;4
06/06/2015;0
07/06/2015;2
08/06/2015;4
09/06/2015;1
10/06/2015;0
11/06/2015;1
12/06/2015;2
13/06/2015;1
14/06/2015;1
15/06/2015;0
16/06/2015;0
17/06/2015;1
18/06/2015;0
19/06/2015;0
20/06/2015;0
21/06/2015;0
22/06/2015;0
23/06/2015;0
24/06/2015;0
25/06/2015;0
26/06/2015;0
27/06/2015;0
28/06/2015;0
29/06/2015;0
30/06/2015;0
01/07/2015;0
02/07/2015;0
03/07/2015;1
04/07/2015;0
05/07/2015;0
06/07/2015;0
07/07/2015;0
08/07/2015;1
09/07/2015;0
10/07/2015;0
11/07/2015;0
12/07/2015;0
13/07/2015;1
14/07/2015;0
15/07/2015;0
16/07/2015;0
17/07/2015;0
18/07/2015;0
19/07/2015;0
20/07/2015;0
21/07/2015;0
22/07/2015;0
23/07/2015;0
24/07/2015;0
25/07/2015;0
26/07/2015;0
27/07/2015;0
28/07/2015;0
29/07/2015;0
30/07/2015;0
31/07/2015;0
01/08/2015;0
02/08/2015;0
03/08/2015;0
04/08/2015;0
05/08/2015;0
06/08/2015;0
07/08/2015;0
08/08/2015;0
09/08/2015;0
10/08/2015;0
11/08/2015;0
12/08/2015;0
13/08/2015;0
14/08/2015;0
15/08/2015;0
16/08/2015;0
17/08/2015;0
18/08/2015;0
19/08/2015;0
20/08/2015;0
21/08/2015;0
22/08/2015;0
23/08/2015;0
24/08/2015;0
25/08/2015;0
26/08/2015;0
27/08/2015;0
28/08/2015;0
29/08/2015;0
30/08/2015;0
31/08/2015;0
01/09/2015;0
02/09/2015;0
03/09/2015;0
04/09/2015;0
05/09/2015;0
06/09/2015;0
07/09/2015;0
08/09/2015;0
09/09/2015;0
10/09/2015;0
11/09/2015;0
12/09/2015;0
13/09/2015;0
14/09/2015;0
15/09/2015;0
16/09/2015;0
17/09/2015;0
18/09/2015;0
19/09/2015;0
20/09/2015;0
21/09/2015;0
22/09/2015;0
23/09/2015;0
24/09/2015;0
25/09/2015;0
26/09/2015;0
27/09/2015;0
28/09/2015;0
29/09/2015;0
30/09/2015;0
01/10/2015;0
02/10/2015;0
03/10/2015;0
04/10/2015;0
05/10/2015;0
06/10/2015;0
07/10/2015;0
08/10/2015;0
09/10/2015;0
10/10/2015;0
11/10/2015;0
12/10/2015;0
13/10/2015;0
14/10/2015;0
15/10/2015;0
16/10/2015;0
17/10/2015;0
18/10/2015;0
19/10/2015;0
20/10/2015;0
21/10/2015;0
22/10/2015;0
23/10/2015;0
24/10/2015;0
25/10/2015;0
26/10/2015;0
27/10/2015;0
28/10/2015;0
29/10/2015;0
30/10/2015;0
31/10/2015;0
01/11/2015;0
02/11/2015;0
03/11/2015;0
04/11/2015;0
05/11/2015;0
06/11/2015;0
07/11/2015;0
08/11/2015;0
09/11/2015;0
10/11/2015;0
11/11/2015;0
12/11/2015;0
13/11/2015;0
14/11/2015;0
15/11/2015;0
16/11/2015;0
17/11/2015;0
18/11/2015;0
19/11/2015;0
20/11/2015;0
21/11/2015;0
22/11/2015;0
23/11/2015;0
24/11/2015;0
25/11/2015;0
26/11/2015;0
27/11/2015;0
28/11/2015;0
29/11/2015;0
30/11/2015;0
01/12/2015;0
02/12/2015;0
03/12/2015;0
04/12/2015;0
05/12/2015;0
06/12/2015;0
07/12/2015;0
08/12/2015;0
09/12/2015;0
10/12/2015;0
11/12/2015;0
12/12/2015;0
13/12/2015;0
14/12/2015;0
15/12/2015;0
16/12/2015;0
17/12/2015;0
18/12/2015;0
19/12/2015;0
20/12/2015;0
21/12/2015;0
22/12/2015;0
23/12/2015;0
24/12/2015;0
25/12/2015;0
26/12/2015;0
27/12/2015;0
28/12/2015;0
29/12/2015;0
30/12/2015;0
31/12/2015;0
01/01/2016;0
02/01/2016;0
03/01/2016;0
04/01/2016;0
05/01/2016;0
06/01/2016;0
07/01/2016;0
08/01/2016;0
09/01/2016;0
10/01/2016;0
11/01/2016;0
12/01/2016;0
13/01/2016;0
14/01/2016;0
15/01/2016;0
16/01/2016;0
17/01/2016;0
18/01/2016;0
19/01/2016;0
20/01/2016;0
21/01/2016;0
22/01/2016;0
23/01/2016;0
24/01/2016;0
25/01/2016;0
26/01/2016;0
27/01/2016;0
28/01/2016;0
29/01/2016;0
30/01/2016;0
31/01/2016;0
01/02/2016;0
02/02/2016;0
03/02/2016;0
04/02/2016;0
05/02/2016;0
06/02/2016;0
07/02/2016;0
08/02/2016;0
09/02/2016;0
10/02/2016;0
11/02/2016;0
12/02/2016;0
13/02/2016;0
14/02/2016;0
15/02/2016;0
16/02/2016;0
17/02/2016;0
18/02/2016;0
19/02/2016;0
20/02/2016;0
21/02/2016;0
22/02/2016;0
23/02/2016;0
24/02/2016;0
25/02/2016;0
26/02/2016;0
27/02/2016;0
28/02/2016;0
29/02/2016;0
01/03/2016;0
02/03/2016;0
03/03/2016;0
04/03/2016;0
05/03/2016;0
06/03/2016;0
07/03/2016;0
08/03/2016;0
09/03/2016;0
10/03/2016;0
11/03/2016;0
12/03/2016;0
13/03/2016;0
14/03/2016;0
15/03/2016;0
16/03/2016;0
17/03/2016;0
18/03/2016;0
19/03/2016;0
20/03/2016;0
21/03/2016;0
22/03/2016;0
23/03/2016;0
24/03/2016;0
25/03/2016;0
26/03/2016;0
27/03/2016;0
28/03/2016;0
29/03/2016;2
30/03/2016;1
31/03/2016;0
01/04/2016;1
02/04/2016;0
03/04/2016;2
04/04/2016;2
05/04/2016;1
06/04/2016;1
07/04/2016;3
08/04/2016;1
09/04/2016;1
10/04/2016;3
11/04/2016;15
12/04/2016;14
13/04/2016;5
14/04/2016;16
15/04/2016;17
16/04/2016;20
17/04/2016;25
18/04/2016;11
19/04/2016;7
20/04/2016;29
21/04/2016;21
22/04/2016;24
23/04/2016;28
24/04/2016;19
25/04/2016;26
26/04/2016;24
27/04/2016;11
28/04/2016;6
29/04/2016;12
30/04/2016;30
01/05/2016;89
02/05/2016;585
03/05/2016;634
04/05/2016;342
05/05/2016;1183
06/05/2016;344
07/05/2016;312
08/05/2016;143
09/05/2016;990
10/05/2016;166
11/05/2016;351
12/05/2016;495
13/05/2016;213
14/05/2016;110
15/05/2016;64
16/05/2016;99
17/05/2016;26
18/05/2016;19
19/05/2016;14
20/05/2016;14
21/05/2016;111
22/05/2016;110
23/05/2016;78
24/05/2016;168
25/05/2016;27
26/05/2016;58
27/05/2016;12
28/05/2016;39
29/05/2016;27
30/05/2016;24
31/05/2016;19
01/06/2016;6
02/06/2016;4
03/06/2016;10
04/06/2016;4
05/06/2016;8
06/06/2016;2
07/06/2016;4
08/06/2016;5
09/06/2016;3
10/06/2016;0
11/06/2016;1
12/06/2016;0
13/06/2016;0
14/06/2016;0
15/06/2016;1
16/06/2016;4
17/06/2016;1
18/06/2016;2
19/06/2016;2
20/06/2016;5
21/06/2016;5
22/06/2016;4
23/06/2016;2
24/06/2016;1
25/06/2016;2
26/06/2016;2
27/06/2016;2
28/06/2016;2
29/06/2016;1
30/06/2016;0
01/07/2016;0
02/07/2016;2
03/07/2016;1
04/07/2016;1
05/07/2016;2
06/07/2016;0
07/07/2016;0
08/07/2016;1
09/07/2016;1
10/07/2016;0
11/07/2016;6
12/07/2016;2
13/07/2016;8
14/07/2016;1
15/07/2016;0
16/07/2016;0
17/07/2016;0
18/07/2016;0
19/07/2016;0
20/07/2016;0
21/07/2016;0
22/07/2016;0
23/07/2016;0
24/07/2016;0
25/07/2016;0
26/07/2016;0
27/07/2016;1
28/07/2016;0
29/07/2016;0
30/07/2016;0
31/07/2016;0
01/08/2016;0
02/08/2016;1
03/08/2016;0
04/08/2016;0
05/08/2016;0
06/08/2016;0
07/08/2016;0
08/08/2016;0
09/08/2016;1
10/08/2016;1
11/08/2016;0
12/08/2016;1
13/08/2016;0
14/08/2016;0
15/08/2016;0
16/08/2016;0
17/08/2016;0
18/08/2016;1
19/08/2016;1
20/08/2016;1
21/08/2016;0
22/08/2016;0
23/08/2016;0
24/08/2016;1
25/08/2016;0
26/08/2016;0
27/08/2016;0
28/08/2016;1
29/08/2016;0
30/08/2016;0
31/08/2016;0
01/09/2016;0
02/09/2016;0
03/09/2016;0
04/09/2016;0
05/09/2016;0
06/09/2016;0
07/09/2016;0
08/09/2016;0
09/09/2016;0
10/09/2016;0
11/09/2016;0
12/09/2016;0
13/09/2016;0
14/09/2016;0
15/09/2016;0
16/09/2016;0
17/09/2016;0
18/09/2016;0
19/09/2016;0
20/09/2016;0
21/09/2016;0
22/09/2016;0
23/09/2016;0
24/09/2016;0
25/09/2016;0
26/09/2016;0
27/09/2016;0
28/09/2016;0
29/09/2016;0
30/09/2016;0
01/10/2016;0
02/10/2016;0
03/10/2016;0
04/10/2016;0
05/10/2016;0
06/10/2016;0
07/10/2016;0
08/10/2016;0
09/10/2016;0
10/10/2016;0
11/10/2016;0
12/10/2016;0
13/10/2016;0
14/10/2016;0
15/10/2016;0
16/10/2016;0
17/10/2016;0
18/10/2016;0
19/10/2016;0
20/10/2016;0
21/10/2016;0
22/10/2016;0
23/10/2016;0
24/10/2016;0
25/10/2016;0
26/10/2016;0
27/10/2016;0
28/10/2016;0
29/10/2016;0
30/10/2016;0
31/10/2016;0
01/11/2016;0
02/11/2016;0
03/11/2016;0
04/11/2016;0
05/11/2016;0
06/11/2016;0
07/11/2016;0
08/11/2016;0
09/11/2016;0
10/11/2016;0
11/11/2016;0
12/11/2016;0
13/11/2016;0
14/11/2016;0
15/11/2016;0
16/11/2016;0
17/11/2016;0
18/11/2016;0
19/11/2016;0
20/11/2016;0
21/11/2016;0
22/11/2016;0
23/11/2016;0
24/11/2016;0
25/11/2016;0
26/11/2016;0
27/11/2016;0
28/11/2016;0
29/11/2016;0
30/11/2016;0
01/12/2016;0
02/12/2016;0
03/12/2016;0
04/12/2016;0
05/12/2016;0
06/12/2016;0
07/12/2016;0
08/12/2016;0
09/12/2016;0
10/12/2016;0
11/12/2016;0
12/12/2016;0
13/12/2016;0
14/12/2016;0
15/12/2016;0
16/12/2016;0
17/12/2016;0
18/12/2016;0
19/12/2016;0
20/12/2016;0
21/12/2016;0
22/12/2016;0
23/12/2016;0
24/12/2016;0
25/12/2016;0
26/12/2016;0
27/12/2016;0
28/12/2016;0
29/12/2016;0
30/12/2016;0
31/12/2016;0
01/01/2017;0
02/01/2017;0
03/01/2017;0
04/01/2017;0
05/01/2017;0
06/01/2017;0
07/01/2017;0
08/01/2017;0
09/01/2017;0
10/01/2017;0
11/01/2017;0
12/01/2017;0
13/01/2017;0
14/01/2017;0
15/01/2017;0
16/01/2017;0
17/01/2017;0
18/01/2017;0
19/01/2017;0
20/01/2017;0
21/01/2017;0
22/01/2017;0
23/01/2017;0
24/01/2017;0
25/01/2017;0
26/01/2017;0
27/01/2017;0
28/01/2017;0
29/01/2017;0
30/01/2017;0
31/01/2017;0
01/02/2017;0
02/02/2017;0
03/02/2017;0
04/02/2017;0
05/02/2017;0
06/02/2017;0
07/02/2017;0
08/02/2017;0
09/02/2017;0
10/02/2017;0
11/02/2017;0
12/02/2017;0
13/02/2017;0
14/02/2017;0
15/02/2017;0
16/02/2017;0
17/02/2017;0
18/02/2017;0
19/02/2017;0
20/02/2017;0
21/02/2017;0
22/02/2017;0
23/02/2017;0
24/02/2017;0
25/02/2017;0
26/02/2017;0
27/02/2017;0
28/02/2017;0
01/03/2017;0
02/03/2017;0
03/03/2017;0
04/03/2017;0
05/03/2017;0
06/03/2017;0
07/03/2017;0
08/03/2017;0
09/03/2017;0
10/03/2017;0
11/03/2017;0
12/03/2017;0
13/03/2017;0
14/03/2017;0
15/03/2017;0
16/03/2017;0
17/03/2017;0
18/03/2017;0
19/03/2017;0
20/03/2017;0
21/03/2017;1
22/03/2017;0
23/03/2017;0
24/03/2017;1
25/03/2017;0
26/03/2017;1
27/03/2017;0
28/03/2017;1
29/03/2017;0
30/03/2017;1
31/03/2017;2
01/04/2017;1
02/04/2017;6
03/04/2017;0
04/04/2017;3
05/04/2017;8
06/04/2017;3
07/04/2017;10
08/04/2017;6
09/04/2017;11
10/04/2017;17
11/04/2017;24
12/04/2017;6
13/04/2017;20
14/04/2017;10
15/04/2017;32
16/04/2017;52
17/04/2017;32
18/04/2017;200
19/04/2017;89
20/04/2017;26
21/04/2017;27
22/04/2017;74
23/04/2017;109
24/04/2017;49
25/04/2017;55
26/04/2017;19
27/04/2017;12
28/04/2017;15
29/04/2017;6
30/04/2017;5
01/05/2017;2
02/05/2017;17
03/05/2017;45
04/05/2017;64
05/05/2017;85
06/05/2017;49
07/05/2017;157
08/05/2017;596
09/05/2017;596
10/05/2017;116
11/05/2017;222
12/05/2017;166
13/05/2017;4
14/05/2017;3
15/05/2017;1001
16/05/2017;461
17/05/2017;132
18/05/2017;106
19/05/2017;89
20/05/2017;41
21/05/2017;15
22/05/2017;14
23/05/2017;9
24/05/2017;13
25/05/2017;10
26/05/2017;5
27/05/2017;7
28/05/2017;5
29/05/2017;16
30/05/2017;3
31/05/2017;3
01/06/2017;1
02/06/2017;0
03/06/2017;1
04/06/2017;1
05/06/2017;2
06/06/2017;2
07/06/2017;4
08/06/2017;2
09/06/2017;3
10/06/2017;3
11/06/2017;3
12/06/2017;3
13/06/2017;0
14/06/2017;0
15/06/2017;0
16/06/2017;1
17/06/2017;1
18/06/2017;1
19/06/2017;1
20/06/2017;5
21/06/2017;1
22/06/2017;3
23/06/2017;0
24/06/2017;2
25/06/2017;0
26/06/2017;0
27/06/2017;0
28/06/2017;0
29/06/2017;0
30/06/2017;0
01/07/2017;0
02/07/2017;0
03/07/2017;0
04/07/2017;1
05/07/2017;0
06/07/2017;0
07/07/2017;0
08/07/2017;0
09/07/2017;0
10/07/2017;0
11/07/2017;0
12/07/2017;0
13/07/2017;0
14/07/2017;0
15/07/2017;0
16/07/2017;0
17/07/2017;0
18/07/2017;1
19/07/2017;0
20/07/2017;0
21/07/2017;0
22/07/2017;0
23/07/2017;0
24/07/2017;0
25/07/2017;0
26/07/2017;0
27/07/2017;0
28/07/2017;0
29/07/2017;0
30/07/2017;0
31/07/2017;0
01/08/2017;0
02/08/2017;0
03/08/2017;0
04/08/2017;0
05/08/2017;0
06/08/2017;0
07/08/2017;1
08/08/2017;0
09/08/2017;0
10/08/2017;0
11/08/2017;0
12/08/2017;0
13/08/2017;0
14/08/2017;0
15/08/2017;0
16/08/2017;0
17/08/2017;0
18/08/2017;0
19/08/2017;0
20/08/2017;0
21/08/2017;0
22/08/2017;0
23/08/2017;0
24/08/2017;0
25/08/2017;0
26/08/2017;0
27/08/2017;0
28/08/2017;0
29/08/2017;0
30/08/2017;0
31/08/2017;0
01/09/2017;0
02/09/2017;0
03/09/2017;0
04/09/2017;0
05/09/2017;0
06/09/2017;0
07/09/2017;0
08/09/2017;0
09/09/2017;0
10/09/2017;0
11/09/2017;0
12/09/2017;0
13/09/2017;0
14/09/2017;0
15/09/2017;0
16/09/2017;0
17/09/2017;0
18/09/2017;0
19/09/2017;0
20/09/2017;0
21/09/2017;0
22/09/2017;0
23/09/2017;0
24/09/2017;0
25/09/2017;0
26/09/2017;0
27/09/2017;0
28/09/2017;0
29/09/2017;0
30/09/2017;0
01/10/2017;0
02/10/2017;0
03/10/2017;0
04/10/2017;0
05/10/2017;0
06/10/2017;0
07/10/2017;0
08/10/2017;0
09/10/2017;0
10/10/2017;0
11/10/2017;0
12/10/2017;0
13/10/2017;0
14/10/2017;0
15/10/2017;0
16/10/2017;0
17/10/2017;0
18/10/2017;0
19/10/2017;0
20/10/2017;0
21/10/2017;0
22/10/2017;0
23/10/2017;0
24/10/2017;0
25/10/2017;0
26/10/2017;0
27/10/2017;0
28/10/2017;0
29/10/2017;0
30/10/2017;0
31/10/2017;0
01/11/2017;0
02/11/2017;0
03/11/2017;0
04/11/2017;0
05/11/2017;0
06/11/2017;0
07/11/2017;0
08/11/2017;0
09/11/2017;0
10/11/2017;0
11/11/2017;0
12/11/2017;0
13/11/2017;0
14/11/2017;0
15/11/2017;0
16/11/2017;0
17/11/2017;0
18/11/2017;0
19/11/2017;0
20/11/2017;0
21/11/2017;0
22/11/2017;0
23/11/2017;0
24/11/2017;0
25/11/2017;0
26/11/2017;0
27/11/2017;0
28/11/2017;0
29/11/2017;0
30/11/2017;0
01/12/2017;0
02/12/2017;0
03/12/2017;0
04/12/2017;0
05/12/2017;0
06/12/2017;0
07/12/2017;0
08/12/2017;0
09/12/2017;0
10/12/2017;0
11/12/2017;0
12/12/2017;0
13/12/2017;0
14/12/2017;0
15/12/2017;0
16/12/2017;0
17/12/2017;0
18/12/2017;0
19/12/2017;0
20/12/2017;0
21/12/2017;0
22/12/2017;0
23/12/2017;0
24/12/2017;0
25/12/2017;0
26/12/2017;0
27/12/2017;0
28/12/2017;0
29/12/2017;0
30/12/2017;0
31/12/2017;0
01/01/2018;0
02/01/2018;0
03/01/2018;0
04/01/2018;0
05/01/2018;0
06/01/2018;0
07/01/2018;0
08/01/2018;0
09/01/2018;0
10/01/2018;0
11/01/2018;0
12/01/2018;0
13/01/2018;0
14/01/2018;0
15/01/2018;0
16/01/2018;0
17/01/2018;0
18/01/2018;0
19/01/2018;0
20/01/2018;0
21/01/2018;0
22/01/2018;0
23/01/2018;0
24/01/2018;0
25/01/2018;0
26/01/2018;0
27/01/2018;0
28/01/2018;0
29/01/2018;0
30/01/2018;0
31/01/2018;0
01/02/2018;0
02/02/2018;0
03/02/2018;0
04/02/2018;0
05/02/2018;0
06/02/2018;0
07/02/2018;0
08/02/2018;0
09/02/2018;0
10/02/2018;0
11/02/2018;0
12/02/2018;0
13/02/2018;0
14/02/2018;0
15/02/2018;0
16/02/2018;0
17/02/2018;0
18/02/2018;0
19/02/2018;0
20/02/2018;0
21/02/2018;0
22/02/2018;0
23/02/2018;0
24/02/2018;0
25/02/2018;0
26/02/2018;0
27/02/2018;0
28/02/2018;0
01/03/2018;0
02/03/2018;0
03/03/2018;0
04/03/2018;0
05/03/2018;0
06/03/2018;0
07/03/2018;0
08/03/2018;0
09/03/2018;0
10/03/2018;0
11/03/2018;0
12/03/2018;0
13/03/2018;0
14/03/2018;0
15/03/2018;0
16/03/2018;0
17/03/2018;0
18/03/2018;0
19/03/2018;0
20/03/2018;0
21/03/2018;0
22/03/2018;0
23/03/2018;0
24/03/2018;0
25/03/2018;0
26/03/2018;0
27/03/2018;0
28/03/2018;0
29/03/2018;0
30/03/2018;0
31/03/2018;0
01/04/2018;0
02/04/2018;0
03/04/2018;0
04/04/2018;0
05/04/2018;0
06/04/2018;0
07/04/2018;0
08/04/2018;0
09/04/2018;0
10/04/2018;0
11/04/2018;0
12/04/2018;0
13/04/2018;0
14/04/2018;0
15/04/2018;0
16/04/2018;2
17/04/2018;0
18/04/2018;0
19/04/2018;1
20/04/2018;0
21/04/2018;2
22/04/2018;3
23/04/2018;8
24/04/2018;2
25/04/2018;6
26/04/2018;2
27/04/2018;8
28/04/2018;3
29/04/2018;13
30/04/2018;24
01/05/2018;41
02/05/2018;74
03/05/2018;81
04/05/2018;25
05/05/2018;263
06/05/2018;48
07/05/2018;318
08/05/2018;188
09/05/2018;274
10/05/2018;99
11/05/2018;135
12/05/2018;221
13/05/2018;213
14/05/2018;480
15/05/2018;472
16/05/2018;319
17/05/2018;285
18/05/2018;208
19/05/2018;177
20/05/2018;366
21/05/2018;438
22/05/2018;373
23/05/2018;152
24/05/2018;71
25/05/2018;296
26/05/2018;45
27/05/2018;21
28/05/2018;67
29/05/2018;28
30/05/2018;21
31/05/2018;66
01/06/2018;27
02/06/2018;45
03/06/2018;149
04/06/2018;18
05/06/2018;76
06/06/2018;26
07/06/2018;56
08/06/2018;23
09/06/2018;1
10/06/2018;3
11/06/2018;11
12/06/2018;3
13/06/2018;13
14/06/2018;4
15/06/2018;3
16/06/2018;4
17/06/2018;2
18/06/2018;0
19/06/2018;2
20/06/2018;0
21/06/2018;3
22/06/2018;2
23/06/2018;3
24/06/2018;7
25/06/2018;2
26/06/2018;1
27/06/2018;1
28/06/2018;0
29/06/2018;2
30/06/2018;0
01/07/2018;0
02/07/2018;1
03/07/2018;0
04/07/2018;0
05/07/2018;2
06/07/2018;6
07/07/2018;7
08/07/2018;16
09/07/2018;5
10/07/2018;0
11/07/2018;1
12/07/2018;0
13/07/2018;0
14/07/2018;0
15/07/2018;0
16/07/2018;0
17/07/2018;0
18/07/2018;0
19/07/2018;0
20/07/2018;0
21/07/2018;0
22/07/2018;0
23/07/2018;0
24/07/2018;0
25/07/2018;0
26/07/2018;0
27/07/2018;0
28/07/2018;0
29/07/2018;0
30/07/2018;0
31/07/2018;0
01/08/2018;0
02/08/2018;0
03/08/2018;0
04/08/2018;0
05/08/2018;0
06/08/2018;0
07/08/2018;0
08/08/2018;0
09/08/2018;0
10/08/2018;0
11/08/2018;0
12/08/2018;0
13/08/2018;0
14/08/2018;0
15/08/2018;0
16/08/2018;0
17/08/2018;0
18/08/2018;0
19/08/2018;1
20/08/2018;1
21/08/2018;1
22/08/2018;0
23/08/2018;0
24/08/2018;0
25/08/2018;0
26/08/2018;0
27/08/2018;0
28/08/2018;0
29/08/2018;0
30/08/2018;0
31/08/2018;0
01/09/2018;0
02/09/2018;0
03/09/2018;1
04/09/2018;0
05/09/2018;0
06/09/2018;2
07/09/2018;0
08/09/2018;0
09/09/2018;1
10/09/2018;0
11/09/2018;0
12/09/2018;1
13/09/2018;0
14/09/2018;0
15/09/2018;0
16/09/2018;0
17/09/2018;0
18/09/2018;0
19/09/2018;2
20/09/2018;1
21/09/2018;0
22/09/2018;0
23/09/2018;0
24/09/2018;0
25/09/2018;0
26/09/2018;0
27/09/2018;0
28/09/2018;0
29/09/2018;0
30/09/2018;0
01/10/2018;0
02/10/2018;0
03/10/2018;0
04/10/2018;0
05/10/2018;0
06/10/2018;0
07/10/2018;0
08/10/2018;0
09/10/2018;0
10/10/2018;0
11/10/2018;0
12/10/2018;0
13/10/2018;0
14/10/2018;0
15/10/2018;0
16/10/2018;0
17/10/2018;0
18/10/2018;0
19/10/2018;0
20/10/2018;0
21/10/2018;0
22/10/2018;0
23/10/2018;0
24/10/2018;0
25/10/2018;0
26/10/2018;0
27/10/2018;0
28/10/2018;0
29/10/2018;0
30/10/2018;0
31/10/2018;0
01/11/2018;0
02/11/2018;0
03/11/2018;0
04/11/2018;0
05/11/2018;0
06/11/2018;0
07/11/2018;0
08/11/2018;0
09/11/2018;0
10/11/2018;0
11/11/2018;0
12/11/2018;0
13/11/2018;0
14/11/2018;0
15/11/2018;0
16/11/2018;0
17/11/2018;0
18/11/2018;0
19/11/2018;0
20/11/2018;0
21/11/2018;0
22/11/2018;0
23/11/2018;0
24/11/2018;0
25/11/2018;0
26/11/2018;0
27/11/2018;0
28/11/2018;0
29/11/2018;0
30/11/2018;0
01/12/2018;0
02/12/2018;0
03/12/2018;0
04/12/2018;0
05/12/2018;0
06/12/2018;0
07/12/2018;0
08/12/2018;0
09/12/2018;0
10/12/2018;0
11/12/2018;0
12/12/2018;0
13/12/2018;0
14/12/2018;0
15/12/2018;0
16/12/2018;0
17/12/2018;0
18/12/2018;0
19/12/2018;0
20/12/2018;0
21/12/2018;0
22/12/2018;0
23/12/2018;0
24/12/2018;0
25/12/2018;0
26/12/2018;0
27/12/2018;0
28/12/2018;0
29/12/2018;0
30/12/2018;0
31/12/2018;0
01/01/2019;0
02/01/2019;0
03/01/2019;0
04/01/2019;0
05/01/2019;0
06/01/2019;0
07/01/2019;0
08/01/2019;0
09/01/2019;0
10/01/2019;0
11/01/2019;0
12/01/2019;0
13/01/2019;0
14/01/2019;0
15/01/2019;0
16/01/2019;0
17/01/2019;0
18/01/2019;0
19/01/2019;0
20/01/2019;0
21/01/2019;0
22/01/2019;0
23/01/2019;0
24/01/2019;0
25/01/2019;0
26/01/2019;0
27/01/2019;0
28/01/2019;0
29/01/2019;0
30/01/2019;0
31/01/2019;0
01/02/2019;0
02/02/2019;0
03/02/2019;0
04/02/2019;0
05/02/2019;0
06/02/2019;0
07/02/2019;0
08/02/2019;0
09/02/2019;0
10/02/2019;0
11/02/2019;0
12/02/2019;0
13/02/2019;0
14/02/2019;0
15/02/2019;0
16/02/2019;0
17/02/2019;0
18/02/2019;0
19/02/2019;0
20/02/2019;0
21/02/2019;0
22/02/2019;0
23/02/2019;0
24/02/2019;0
25/02/2019;0
26/02/2019;0
27/02/2019;0
28/02/2019;0
01/03/2019;0
02/03/2019;0
03/03/2019;0
04/03/2019;0
05/03/2019;0
06/03/2019;0
07/03/2019;0
08/03/2019;0
09/03/2019;0
10/03/2019;0
11/03/2019;0
12/03/2019;0
13/03/2019;0
14/03/2019;0
15/03/2019;0
16/03/2019;1
17/03/2019;0
18/03/2019;0
19/03/2019;0
20/03/2019;0
21/03/2019;0
22/03/2019;0
23/03/2019;0
24/03/2019;0
25/03/2019;0
26/03/2019;1
27/03/2019;0
28/03/2019;0
29/03/2019;0
30/03/2019;0
31/03/2019;0
01/04/2019;1
02/04/2019;1
03/04/2019;0
04/04/2019;7
05/04/2019;6
06/04/2019;7
07/04/2019;11
08/04/2019;8
09/04/2019;14
10/04/2019;9
11/04/2019;6
12/04/2019;3
13/04/2019;6
14/04/2019;3
15/04/2019;9
16/04/2019;11
17/04/2019;41
18/04/2019;17
19/04/2019;41
20/04/2019;149
21/04/2019;122
22/04/2019;58
23/04/2019;49
24/04/2019;39
25/04/2019;64
26/04/2019;194
27/04/2019;167
28/04/2019;157
29/04/2019;207
30/04/2019;1258
01/05/2019;273
02/05/2019;414
03/05/2019;550
04/05/2019;159
05/05/2019;145
06/05/2019;79
07/05/2019;254
08/05/2019;135
09/05/2019;45
10/05/2019;50
11/05/2019;26
12/05/2019;28
13/05/2019;11
14/05/2019;7
15/05/2019;8
16/05/2019;12
17/05/2019;41
18/05/2019;60
19/05/2019;38
20/05/2019;53
21/05/2019;30
22/05/2019;80
23/05/2019;29
24/05/2019;61
25/05/2019;57
26/05/2019;28
27/05/2019;14
28/05/2019;44
29/05/2019;16
30/05/2019;105
31/05/2019;84
01/06/2019;28
02/06/2019;41
03/06/2019;47
04/06/2019;60
05/06/2019;39
06/06/2019;22
07/06/2019;21
08/06/2019;17
09/06/2019;8
10/06/2019;4
11/06/2019;8
12/06/2019;2
13/06/2019;0
14/06/2019;0
15/06/2019;1
16/06/2019;0
17/06/2019;0
18/06/2019;0
19/06/2019;0
20/06/2019;0
21/06/2019;0
22/06/2019;0
23/06/2019;0
24/06/2019;0
25/06/2019;1
26/06/2019;2
27/06/2019;0
28/06/2019;0
29/06/2019;0
30/06/2019;0
01/07/2019;0
02/07/2019;0
03/07/2019;1
04/07/2019;0
05/07/2019;0
06/07/2019;0
07/07/2019;0
08/07/2019;0
09/07/2019;0
10/07/2019;0
11/07/2019;0
12/07/2019;0
13/07/2019;0
14/07/2019;0
15/07/2019;0
16/07/2019;0
17/07/2019;0
18/07/2019;0
19/07/2019;0
20/07/2019;0
21/07/2019;0
22/07/2019;0
23/07/2019;0
24/07/2019;0
25/07/2019;0
26/07/2019;0
27/07/2019;0
28/07/2019;0
29/07/2019;0
30/07/2019;0
31/07/2019;0
01/08/2019;0
02/08/2019;0
03/08/2019;0
04/08/2019;0
05/08/2019;0
06/08/2019;0
07/08/2019;0
08/08/2019;0
09/08/2019;0
10/08/2019;0
11/08/2019;0
12/08/2019;0
13/08/2019;0
14/08/2019;0
15/08/2019;0
16/08/2019;0
17/08/2019;0
18/08/2019;0
19/08/2019;0
20/08/2019;0
21/08/2019;0
22/08/2019;0
23/08/2019;0
24/08/2019;0
25/08/2019;0
26/08/2019;1
27/08/2019;0
28/08/2019;0
29/08/2019;0
30/08/2019;0
31/08/2019;0
01/09/2019;0
02/09/2019;0
03/09/2019;0
04/09/2019;0
05/09/2019;0
06/09/2019;0
07/09/2019;0
08/09/2019;0
09/09/2019;0
10/09/2019;0
11/09/2019;0
12/09/2019;0
13/09/2019;0
14/09/2019;0
15/09/2019;0
16/09/2019;0
17/09/2019;0
18/09/2019;0
19/09/2019;0
20/09/2019;0
21/09/2019;0
22/09/2019;0
23/09/2019;0
24/09/2019;0
25/09/2019;0
26/09/2019;0
27/09/2019;0
28/09/2019;0
29/09/2019;0
30/09/2019;0
01/10/2019;0
02/10/2019;0
03/10/2019;0
04/10/2019;0
05/10/2019;0
06/10/2019;0
07/10/2019;0
08/10/2019;0
09/10/2019;0
10/10/2019;0
11/10/2019;0
12/10/2019;0
13/10/2019;0
14/10/2019;0
15/10/2019;0
16/10/2019;0
17/10/2019;0
18/10/2019;0
19/10/2019;0
20/10/2019;0
21/10/2019;0
22/10/2019;0
23/10/2019;0
24/10/2019;0
25/10/2019;0
26/10/2019;0
27/10/2019;0
28/10/2019;0
29/10/2019;0
30/10/2019;0
31/10/2019;0
01/11/2019;0
02/11/2019;0
03/11/2019;0
04/11/2019;0
05/11/2019;0
06/11/2019;0
07/11/2019;0
08/11/2019;0
09/11/2019;0
10/11/2019;0
11/11/2019;0
12/11/2019;0
13/11/2019;0
14/11/2019;0
15/11/2019;0
16/11/2019;0
17/11/2019;0
18/11/2019;0
19/11/2019;0
20/11/2019;0
21/11/2019;0
22/11/2019;0
23/11/2019;0
24/11/2019;0
25/11/2019;0
26/11/2019;0
27/11/2019;0
28/11/2019;0
29/11/2019;0
30/11/2019;0
01/12/2019;0
02/12/2019;0
03/12/2019;0
04/12/2019;0
05/12/2019;0
06/12/2019;0
07/12/2019;0
08/12/2019;0
09/12/2019;0
10/12/2019;0
11/12/2019;0
12/12/2019;0
13/12/2019;0
14/12/2019;0
15/12/2019;0
16/12/2019;0
17/12/2019;0
18/12/2019;0
19/12/2019;0
20/12/2019;0
21/12/2019;0
22/12/2019;0
23/12/2019;0
24/12/2019;0
25/12/2019;0
26/12/2019;0
27/12/2019;0
28/12/2019;0
29/12/2019;0
30/12/2019;0
31/12/2019;0
01/01/2020;0
02/01/2020;0
03/01/2020;0
04/01/2020;0
05/01/2020;0
06/01/2020;0
07/01/2020;0
08/01/2020;0
09/01/2020;0
10/01/2020;0
11/01/2020;0
12/01/2020;0
13/01/2020;0
14/01/2020;0
15/01/2020;0
16/01/2020;0
17/01/2020;0
18/01/2020;0
19/01/2020;0
20/01/2020;0
21/01/2020;0
22/01/2020;0
23/01/2020;0
24/01/2020;0
25/01/2020;0
26/01/2020;0
27/01/2020;0
28/01/2020;0
29/01/2020;0
30/01/2020;0
31/01/2020;0
01/02/2020;0
02/02/2020;0
03/02/2020;0
04/02/2020;0
05/02/2020;0
06/02/2020;0
07/02/2020;0
08/02/2020;0
09/02/2020;0
10/02/2020;0
11/02/2020;0
12/02/2020;0
13/02/2020;0
14/02/2020;0
15/02/2020;0
16/02/2020;0
17/02/2020;0
18/02/2020;0
19/02/2020;0
20/02/2020;0
21/02/2020;0
22/02/2020;0
23/02/2020;0
24/02/2020;0
25/02/2020;0
26/02/2020;0
27/02/2020;0
28/02/2020;0
29/02/2020;0
01/03/2020;0
02/03/2020;0
03/03/2020;0
04/03/2020;0
05/03/2020;0
06/03/2020;0
07/03/2020;0
08/03/2020;0
09/03/2020;0
10/03/2020;0
11/03/2020;0
12/03/2020;0
13/03/2020;0
14/03/2020;0
15/03/2020;0
16/03/2020;0
17/03/2020;0
18/03/2020;0
19/03/2020;0
20/03/2020;1
21/03/2020;0
22/03/2020;0
23/03/2020;0
24/03/2020;1
25/03/2020;0
26/03/2020;1
27/03/2020;0
28/03/2020;1
29/03/2020;4
30/03/2020;0
31/03/2020;0
01/04/2020;0
02/04/2020;0
03/04/2020;0
04/04/2020;0
05/04/2020;0
06/04/2020;0
07/04/2020;0
08/04/2020;3
09/04/2020;1
10/04/2020;2
11/04/2020;1
12/04/2020;3
13/04/2020;5
14/04/2020;2
15/04/2020;18
16/04/2020;13
17/04/2020;22
18/04/2020;13
19/04/2020;16
20/04/2020;16
21/04/2020;21
22/04/2020;4
23/04/2020;9
24/04/2020;15
25/04/2020;32
26/04/2020;47
27/04/2020;14
28/04/2020;8
29/04/2020;13
30/04/2020;8
01/05/2020;197
02/05/2020;9
03/05/2020;99
04/05/2020;27
05/05/2020;78
06/05/2020;355
07/05/2020;9
08/05/2020;146
09/05/2020;950
10/05/2020;47
11/05/2020;8
12/05/2020;16
13/05/2020;15
14/05/2020;14
15/05/2020;45
16/05/2020;11
17/05/2020;3
18/05/2020;95
19/05/2020;596
20/05/2020;1026
21/05/2020;683
22/05/2020;281
23/05/2020;499
24/05/2020;34
25/05/2020;34
26/05/2020;23
27/05/2020;103
28/05/2020;26
29/05/2020;15
30/05/2020;1
31/05/2020;11
01/06/2020;16
02/06/2020;16
03/06/2020;10
04/06/2020;1
05/06/2020;3
06/06/2020;0
07/06/2020;0
08/06/2020;0
09/06/2020;0
10/06/2020;2
11/06/2020;2
12/06/2020;3
13/06/2020;1
14/06/2020;1
15/06/2020;2
16/06/2020;0
17/06/2020;0
18/06/2020;0
19/06/2020;0
20/06/2020;0
21/06/2020;1
22/06/2020;0
23/06/2020;2
24/06/2020;4
25/06/2020;7
26/06/2020;19
27/06/2020;17
28/06/2020;40
29/06/2020;41
30/06/2020;22
01/07/2020;8
02/07/2020;8
03/07/2020;5
04/07/2020;2
05/07/2020;2
06/07/2020;5
07/07/2020;0
08/07/2020;0
09/07/2020;0
10/07/2020;0
11/07/2020;0
12/07/2020;0
13/07/2020;0
14/07/2020;0
15/07/2020;0
16/07/2020;0
17/07/2020;0
18/07/2020;0
19/07/2020;0
20/07/2020;0
21/07/2020;0
22/07/2020;0
23/07/2020;0
24/07/2020;0
25/07/2020;0
26/07/2020;0
27/07/2020;0
28/07/2020;0
29/07/2020;0
30/07/2020;0
31/07/2020;0
01/08/2020;0
02/08/2020;0
03/08/2020;0
04/08/2020;0
05/08/2020;0
06/08/2020;0
07/08/2020;0
08/08/2020;0
09/08/2020;0
10/08/2020;0
11/08/2020;0
12/08/2020;0
13/08/2020;0
14/08/2020;0
15/08/2020;0
16/08/2020;0
17/08/2020;0
18/08/2020;0
19/08/2020;0
20/08/2020;0
21/08/2020;0
22/08/2020;0
23/08/2020;0
24/08/2020;0
25/08/2020;0
26/08/2020;0
27/08/2020;0
28/08/2020;0
29/08/2020;0
30/08/2020;0
31/08/2020;0
01/09/2020;0
02/09/2020;0
03/09/2020;0
04/09/2020;0
05/09/2020;0
06/09/2020;0
07/09/2020;0
08/09/2020;0
09/09/2020;0
10/09/2020;0
11/09/2020;0
12/09/2020;0
13/09/2020;0
14/09/2020;0
15/09/2020;0
16/09/2020;0
17/09/2020;0
18/09/2020;0
19/09/2020;0
20/09/2020;0
21/09/2020;0
22/09/2020;0
23/09/2020;0
24/09/2020;0
25/09/2020;0
26/09/2020;0
27/09/2020;0
28/09/2020;0
29/09/2020;0
30/09/2020;0
01/10/2020;0
02/10/2020;0
03/10/2020;0
04/10/2020;0
05/10/2020;0
06/10/2020;0
07/10/2020;0
08/10/2020;0
09/10/2020;0
10/10/2020;0
11/10/2020;0
12/10/2020;0
13/10/2020;0
14/10/2020;0
15/10/2020;0
16/10/2020;0
17/10/2020;0
18/10/2020;0
19/10/2020;0
20/10/2020;0
21/10/2020;0
22/10/2020;0
23/10/2020;0
24/10/2020;0
25/10/2020;0
26/10/2020;0
27/10/2020;0
28/10/2020;0
29/10/2020;0
30/10/2020;0
31/10/2020;0
01/11/2020;0
02/11/2020;0
03/11/2020;0
04/11/2020;0
05/11/2020;0
06/11/2020;0
07/11/2020;0
08/11/2020;0
09/11/2020;0
10/11/2020;0
11/11/2020;0
12/11/2020;0
13/11/2020;0
14/11/2020;0
15/11/2020;0
16/11/2020;0
17/11/2020;0
18/11/2020;0
19/11/2020;0
20/11/2020;0
21/11/2020;0
22/11/2020;0
23/11/2020;0
24/11/2020;0
25/11/2020;0
26/11/2020;0
27/11/2020;0
28/11/2020;0
29/11/2020;0
30/11/2020;0
01/12/2020;0
02/12/2020;0
03/12/2020;0
04/12/2020;0
05/12/2020;0
06/12/2020;0
07/12/2020;0
08/12/2020;0
09/12/2020;0
10/12/2020;0
11/12/2020;0
12/12/2020;0
13/12/2020;0
14/12/2020;0
15/12/2020;0
16/12/2020;0
17/12/2020;0
18/12/2020;0
19/12/2020;0
20/12/2020;0
21/12/2020;0
22/12/2020;0
23/12/2020;0
24/12/2020;0
25/12/2020;0
26/12/2020;0
27/12/2020;0
28/12/2020;1
29/12/2020;0
30/12/2020;0
31/12/2020;0
