sp1;sp2 ;sp3;sp4;sp5;sp6;sp7;sp8;sp9;sp10;sp11;sp12;sp13;sp14;sp15;sp16;sp17;sp18;sp19;sp20;sp21;sp22;sp23;sp24;sp25;sp26;sp27;sp28;sp29;sp30;sp31;sp32;sp33;sp34;sp35;sp36;sp37;sp38;sp39;sp40;sp41;sp42;sp43;sp44;sp45;sp46;sp47;sp48;sp49;sp50;sp51;sp52;sp53;sp54;sp55;sp56;sp57;sp58;sp59;sp60;sp61;sp62;sp63;sp64;sp65
12817.7;12063.7;0;104803.5;82938;52778.8;0;1508;2261.9;0;0;9047.8;34683.2;0;0;0;0;13571.7;0;6031.9;0;21111.5;754;5277.9;0;754;0;0;0;0;0;0;0;1508;754;0;1508;1508;2261.9;754;0;0;2261.9;0;1508;0;0;0;6031.9;0;0;3015.9;0;0;37699.1;0;0;0;0;0;0;0;0;22619.5;0
0;4523.9;0;25635.4;57302.7;0;0;1508;6785.8;0;0;3769.9;10555.8;0;0;0;0;0;0;0;0;7539.8;754;6031.9;0;0;0;0;0;0;0;0;0;0;0;1508;0;0;1508;754;0;754;754;0;0;0;0;0;3015.9;0;0;2261.9;0;0;7539.8;754;0;0;0;0;0;0;0;4523.9;0
0;2261.9;0;31667.3;9801.8;0;0;19603.5;0;0;0;754;9047.8;0;0;0;0;0;0;0;0;1508;754;0;6031.9;0;0;0;0;0;0;0;0;0;0;0;0;1508;1508;0;0;1508;0;0;754;0;0;1508;0;0;0;2261.9;754;0;3015.9;0;0;0;0;0;0;0;0;0;0
0;6785.8;0;36945.1;47500.9;0;0;0;0;0;0;754;10555.8;0;0;0;0;0;0;754;0;0;3015.9;0;0;0;0;0;0;0;0;0;0;0;754;0;0;0;754;0;0;0;0;0;754;0;0;0;0;0;0;1508;0;0;3015.9;0;0;0;0;0;0;0;0;0;0
22619.5;67858.4;0;287267.2;122145.1;0;40;2261.9;1508;754;0;3015.9;14325.7;0;0;0;0;30913.3;5277.9;754;0;2261.9;4523.9;0;1508;754;0;0;0;754;0;0;0;0;0;5277.9;1508;7539.8;0;0;0;1508;0;0;1508;0;0;1508;0;0;0;2261.9;5277.9;0;58810.6;0;0;0;0;0;0;0;0;15079.6;0
0;456159.3;0;69366.4;84446;0;0;0;1508;754;0;2261.9;2261.9;0;0;0;0;0;0;754;0;1508;11309.7;0;0;0;0;0;0;0;0;0;0;0;0;5277.9;2261.9;0;754;0;0;0;0;0;5277.9;0;0;0;3015.9;0;0;3769.9;4523.9;0;83692;0;0;0;0;0;0;0;1508;34683.2;0
0;431277.8;0;21865.5;7539.8;0;0;0;0;0;0;3015.9;754;0;0;0;0;0;0;5277.9;0;3769.9;7539.8;1508;0;0;8293.8;2261.9;0;0;0;0;0;3015.9;0;0;754;2261.9;2261.9;754;0;0;0;0;3015.9;0;0;0;0;0;0;2261.9;2261.9;0;332506.2;0;9047.8;0;0;0;0;0;0;27897.3;0
0;1396.264;0;1396.264;0;11868.244;698.132;7679.452;0;0;0;11170.112;1396.264;0;0;0;0;0;0;57944.956;0;1396.264;0;698.132;0;698.132;0;985064.252;0;0;0;0;0;0;0;1396.264;0;13962.64;0;0;0;0;0;0;9773.848;0;0;0;0;0;44680.448;0;4886.924;0;534769.112;0;0;0;10471.98;4886.924;0;1396.264;0;698.132;0
15079.6;5277.9;0;18849.6;0;0;0;1508;754;754;0;4523.9;23373.4;0;0;0;0;6031.9;4523.9;2261.9;0;3015.9;3769.9;754;0;0;0;0;0;754;0;0;0;0;1508;2261.9;0;2261.9;754;0;0;0;0;0;12817.7;0;0;0;3769.9;0;0;13571.7;4523.9;0;122899.1;0;0;0;0;754;0;40;0;0;0
0;4523.9;0;65596.5;35437.2;0;0;0;0;0;0;5277.9;21111.5;0;0;0;0;0;0;1508;0;5277.9;754;754;0;754;0;0;0;0;0;0;0;0;0;0;0;0;0;0;0;0;0;0;12817.7;0;0;0;5277.9;0;0;3015.9;754;0;11309.7;0;0;0;0;6031.9;0;40;0;0;0
0;0;0;47502;15080;0;0;0;0;0;0;1508;10555.8;0;0;0;0;0;0;754;0;8293.8;0;6031.9;0;0;0;0;0;0;0;0;0;0;0;0;0;754;0;0;0;0;0;0;2261.9;0;0;0;0;0;0;754;754;0;18849.6;0;0;0;0;0;0;0;0;7539.8;0
0;8293.8;0;31667.3;0;0;0;0;0;0;0;6031.9;15079.6;0;0;0;0;0;0;3769.9;0;2261.9;754;5277.9;0;0;0;0;0;0;0;0;0;0;0;0;0;754;0;0;0;0;0;0;1508;0;0;0;0;0;0;1508;6785.8;0;16587.6;0;0;0;0;0;0;0;0;30913.3;0
3015.9;0;0;28651.3;0;0;0;0;0;0;0;4523.9;2261.9;0;0;0;0;0;0;1508;0;2261.9;0;1508;0;0;0;0;0;0;0;118375.2;0;0;0;0;754;0;0;0;0;0;0;0;0;0;0;0;2261.9;0;0;0;754;0;16587.6;0;0;9047.8;9801.8;0;0;0;0;12817.7;0
20000;12063.7;0;57302.7;5277.9;0;0;0;0;0;0;4523.9;3769.9;0;0;0;0;0;0;754;0;0;0;1508;0;754;0;0;0;0;0;0;0;0;0;0;754;0;0;0;0;0;0;0;2261.9;0;0;0;0;0;0;754;754;0;6785.8;0;0;0;754;1508;0;0;0;0;0
46000;31667.3;0;149288.5;33175.2;0;0;0;0;0;0;5277.9;7539.8;0;0;0;0;15833.6;0;1508;0;2261.9;0;0;0;0;0;0;0;0;0;0;0;0;0;0;0;0;0;0;0;0;0;0;6785.8;0;0;0;0;0;0;0;754;0;45238.9;0;0;0;0;0;0;0;0;3015.9;0
81600;110835.4;0;22619.5;18849.6;0;0;0;0;0;0;3015.9;8293.8;0;0;0;0;0;5277.9;3769.9;0;6785.8;1508;5277.9;0;0;0;0;0;0;0;0;0;0;0;2261.9;0;0;0;0;0;0;0;0;33929.2;0;0;0;0;0;0;2261.9;754;0;259369.9;0;0;0;0;0;0;0;0;15833.6;0
4000;58810.6;0;3769.9;9801.8;0;0;0;0;0;0;5277.9;3015.9;0;0;0;0;0;12063.7;2261.9;0;15079.6;3015.9;1508;0;0;0;0;0;0;0;0;0;0;0;0;0;0;0;0;0;0;0;0;20357.5;0;0;0;0;0;0;754;0;0;198297.3;0;0;0;0;754;0;0;0;1508;0
27143.4;7539.8;0;0;0;0;0;0;0;0;0;4523.9;0;0;0;0;0;0;0;6785.8;0;0;754;1508;0;0;0;0;0;0;0;0;0;0;0;0;0;0;0;0;0;0;0;0;6031.9;0;3769.9;0;0;0;0;0;0;0;113851.3;0;0;0;0;11309.7;3015.9;0;0;0;0
0;76906.2;0;9047.8;9047.8;0;0;0;0;0;0;6031.9;25635.4;0;0;0;0;24127.4;12063.7;9047.8;0;7539.8;0;754;0;0;0;12817.7;0;0;0;0;0;0;0;0;0;0;0;0;0;0;0;0;4523.9;0;1508;10555.8;0;0;0;79922.1;0;0;569256.6;0;0;0;0;3769.9;6785.8;0;0;67858.4;0
80676.1;120637.2;0;6031.9;27143.4;0;0;0;0;0;0;3015.9;52778.8;10555.8;0;0;0;9047.8;4523.9;6031.9;0;3015.9;0;1508;0;0;0;10555.8;0;0;0;0;0;0;0;9047.8;0;754;0;8293.8;0;0;0;0;754;0;0;754;0;0;0;0;95755.7;0;57302.7;0;0;0;0;3015.9;1508;0;0;35437.2;0
27897.3;10555.8;0;0;24127.4;0;0;0;0;0;0;6031.9;5277.9;2261.9;0;0;0;0;0;8293.8;0;1508;0;1508;0;0;0;6031.9;0;0;0;37699.1;0;0;0;1508;0;0;0;1508;0;0;0;0;2261.9;0;0;36945;1508;0;0;0;21865.5;0;45238.9;0;0;0;0;3769.9;2261.9;0;0;15079.6;0
0;12817.7;0;0;45992.9;0;0;0;0;0;0;7539.8;14325.7;754;0;0;0;0;0;7539.8;0;3769.9;0;1508;0;0;0;1508;0;0;0;0;0;0;0;0;0;0;0;0;0;0;0;0;1508;0;0;0;0;0;0;0;7539.8;0;0;0;0;0;754;3769.9;754;0;0;0;0
0;7539.8;0;1508;29405.3;0;0;0;0;0;0;2261.9;12063.7;0;0;0;0;0;0;754;0;754;0;7539.8;0;0;0;0;0;0;7540;0;0;0;0;0;0;0;0;1508;0;0;0;0;0;0;0;0;1508;0;0;0;3015.9;0;13571.7;0;0;0;0;0;754;0;0;0;0
0;754;0;3015.9;12817.7;0;0;0;0;0;0;2261.9;9047.8;0;0;0;0;0;0;2261.9;0;4523.9;0;0;754;0;0;0;0;0;0;0;0;0;0;1508;0;754;0;0;0;0;0;0;0;0;0;0;0;0;0;0;1508;0;2261.9;0;0;0;0;3769.9;2261.9;0;0;0;0
0;754;0;21111.5;33929.2;0;0;0;0;0;0;0;4523.9;0;0;0;0;0;0;1508;0;3015.9;0;1508;0;0;0;0;0;0;0;0;0;0;0;2261.9;1508;0;0;0;0;0;0;17342;0;754;0;0;0;0;0;0;2261.9;0;3015.9;0;0;0;754;6785.8;1508;0;0;0;0
0;3769.9;0;30159.3;21865.5;0;0;0;0;0;0;0;9801.8;0;0;0;0;0;0;754;0;2261.9;0;754;0;0;0;0;0;0;0;0;0;0;0;0;0;0;0;0;0;0;0;0;0;0;0;0;0;0;0;0;1508;0;0;0;0;0;0;2261.9;0;0;0;0;0
0;48254.9;0;95755.7;59564.6;0;0;0;0;0;0;5277.9;3015.9;754;0;0;0;0;0;2261.9;0;1508;1508;754;0;0;0;0;0;0;0;0;0;0;0;2261.9;0;754;0;0;0;0;0;0;1508;0;0;0;0;0;0;0;5277.9;0;58810.6;0;0;0;0;13571.7;6785.8;0;0;7539.8;0
0;98771.7;0;20357.5;66350.4;0;40;0;0;0;0;6031.9;3015.9;0;0;0;0;7539.8;0;0;0;17341.6;754;2261.9;0;1508;0;0;0;0;0;0;0;0;0;0;0;0;0;0;0;0;0;0;3769.9;0;0;0;0;0;0;0;3015.9;0;102541.6;0;0;0;0;2261.9;754;0;0;7539.8;0
0;8293.8;0;0;9047.8;0;80;0;0;0;0;4523.9;754;0;0;0;0;8293.8;1508;10555.8;0;5277.9;0;754;0;0;0;2261.9;0;0;0;0;0;0;0;754;0;0;0;754;0;0;0;0;3015.9;0;0;0;0;0;0;0;2261.9;0;15833.6;0;102541.6;0;0;12817.7;1508;0;0;18095.6;0
0;15833.6;0;10555.8;48254.9;0;0;0;0;0;0;3769.9;4523.9;0;0;0;0;41469;0;3769.9;0;2261.9;0;3015.9;0;0;0;754;0;0;3015.9;0;0;0;0;0;0;0;0;1508;0;0;0;0;754;0;0;0;3015.9;0;0;754;8293.8;0;12063.7;0;0;0;0;754;2261.9;0;0;33175.2;0
3769.9;21865.5;0;12817.7;11309.7;0;0;0;0;0;0;4523.9;10555.8;5277.9;0;0;0;0;0;7539.8;0;6031.9;754;2261.9;0;754;0;0;0;1508;0;0;0;0;0;2261.9;754;0;0;8293.8;0;0;0;0;754;0;1508;754;0;0;0;9801.8;2261.9;0;6031.9;0;9048;0;0;7539.8;0;0;0;6031.9;0
6031.9;9047.8;0;0;30913.3;0;0;0;0;0;0;2261.9;7539.8;0;0;0;0;0;0;8293.8;0;11309.7;3015.9;1508;0;0;0;754;0;0;0;0;50516.8;0;0;0;0;0;0;17341.6;1508;2261.9;0;0;0;0;0;0;9047.8;0;0;1508;3015.9;0;8293.8;0;0;0;1508;14325.7;0;0;0;0;0
9801.8;21111.5;0;73890.3;39207.1;0;0;0;0;0;0;4523.9;15833.6;0;0;0;0;0;0;4523.9;0;10555.8;754;3769.9;0;0;0;0;0;0;0;0;0;0;0;1508;0;0;0;0;0;754;0;0;0;0;5277.9;4523.9;1508;0;0;5277.9;8293.8;0;46746.9;0;0;0;2261.9;9801.8;0;0;0;0;0
0;6031.9;0;12063.7;3015.9;0;0;0;0;0;0;3015.9;8293.8;0;0;0;0;0;0;2261.9;0;2261.9;0;1508;0;0;0;754;0;0;0;0;0;0;0;3769.9;0;0;0;0;0;1508;0;0;754;0;0;0;0;0;0;0;4523.9;0;9047.8;0;0;0;0;3015.9;0;0;0;0;0
0;7539.8;0;6031.9;3015.9;0;0;0;0;0;0;0;5277.9;0;0;754;0;0;0;754;0;0;0;0;0;0;0;0;0;0;0;12063.7;0;0;0;0;0;0;0;0;0;4523.9;0;0;0;0;0;0;1508;0;0;0;1508;0;4523.9;0;0;3015.9;1508;8293.8;0;0;0;15833.6;0
0;5277.9;0;0;3769.9;0;0;2261.9;0;0;0;0;754;0;0;0;0;0;0;754;0;0;0;0;0;0;0;0;0;0;0;0;0;0;0;0;0;0;0;0;0;0;0;0;0;0;0;0;0;0;0;0;3769.9;0;1508;0;0;0;0;3015.9;0;0;0;5277.9;0
0;4523.9;0;20357.5;0;0;0;0;0;0;0;754;754;0;0;0;0;0;0;0;0;0;0;0;0;0;0;0;0;754;0;0;0;0;0;0;0;0;0;0;0;0;0;0;1508;0;2261.9;0;0;0;0;754;3015.9;0;3769.9;0;0;0;0;1508;0;0;0;8293.8;0
0;77660.2;0;58810.6;3015.9;0;40;0;0;0;0;0;3769.9;0;0;0;0;0;0;0;0;754;0;0;0;0;0;0;0;0;0;0;0;0;0;5277.9;0;754;754;0;0;0;0;0;1508;0;2261.9;0;0;0;0;0;6031.9;0;1508;0;0;0;0;3015.9;0;0;0;4523.9;0
0;179447.8;0;70120.3;6785.8;0;0;0;0;0;0;1508;4523.9;0;0;0;0;0;0;1508;0;0;0;0;0;754;0;0;0;754;0;0;0;3015.9;6785.8;2261.9;0;754;0;0;0;0;0;0;0;0;12817.7;3015.9;0;0;0;1508;1508;0;376991.1;0;0;0;0;754;0;0;12817.7;39207.1;0
23373.4;206591.1;0;3769.9;0;0;40;0;0;0;0;754;3769.9;0;0;0;0;0;0;754;0;754;0;0;0;1508;0;3769.9;0;754;0;3769.9;0;12817.7;8293.8;754;0;1508;0;0;0;0;0;0;1508;0;6031.9;0;0;0;0;0;12817.7;0;380007;0;0;0;0;3769.9;0;0;4523.9;73136.3;0
0;88969.9;0;0;15833.6;0;120;0;0;0;0;4523.9;8293.8;0;0;0;0;0;17341.6;754;0;1508;0;0;0;0;0;6785.8;0;754;0;0;0;2261.9;1508;0;0;1508;0;9047.8;0;0;0;0;2261.9;0;5277.9;1508;7539.8;0;0;20357.5;2261.9;0;201313.3;0;0;0;0;9047.8;0;0;0;63334.5;0
83692;8293.8;0;0;31667.3;0;80;0;0;0;0;2261.9;21865.5;0;0;0;0;0;1508;5277.9;0;10555.8;0;0;0;0;0;1508;0;754;0;0;8293.8;3015.9;3015.9;0;0;754;0;5277.9;0;754;0;0;3015.9;0;3769.9;0;9047.8;0;0;15833.6;2261.9;0;163614.1;0;3769.9;0;0;6031.9;0;0;0;39207.1;0
28651.3;9047.8;0;19603.5;67104.4;8293.8;0;0;0;0;0;12817.7;25635.4;0;0;0;0;0;0;3015.9;36191.1;6785.8;0;0;0;2261.9;0;0;0;1508;0;21111.5;3015.9;1508;1508;0;0;754;0;0;4523.9;3015.9;0;0;0;0;2261.9;5277.9;0;0;0;11309.7;754;0;35437.2;0;17341.6;0;0;3769.9;0;0;0;65596.5;0
0;9047.8;0;35437.2;81430.1;0;0;10555.8;0;0;0;3015.9;21865.5;0;0;0;0;22619.5;0;7539.8;0;19603.5;0;2261.9;0;0;0;0;0;0;0;0;0;0;0;0;0;0;0;754;754;754;0;0;0;0;0;0;1508;0;0;4523.9;0;0;22619.5;0;0;0;0;754;0;0;0;3769.9;0
8293.8;2261.9;0;0;42977;0;0;3769.9;0;0;0;2261.9;20357.5;754;0;0;0;26389.4;5277.9;5277.9;0;15079.6;1508;0;0;0;0;0;0;0;0;0;0;0;0;0;0;0;0;1508;2261.9;0;0;0;0;0;0;0;0;0;0;5277.9;4523.9;0;19603.5;0;0;0;0;0;0;0;0;12063.7;0
0;0;0;23373.4;23373.4;3769.9;0;4523.9;0;0;0;2261.9;19603.5;0;0;0;0;0;0;3015.9;0;9801.8;0;3015.9;0;754;0;0;0;0;0;0;0;1508;0;0;0;0;0;754;754;0;0;0;754;0;0;0;1508;0;0;1508;754;0;8293.8;0;0;0;0;4523.9;0;0;0;3769.9;0
2261.9;4523.9;0;0;43731;0;0;0;0;0;0;2261.9;14325.7;0;0;0;0;5277.9;0;1508;0;3015.9;0;754;0;0;0;0;0;0;0;5277.9;0;0;0;0;0;0;754;7539.8;0;754;0;0;0;0;0;0;0;0;0;1508;754;0;6031.9;0;0;0;0;2261.9;0;0;1508;42223;0
0;0;0;21111.5;31667.3;0;0;0;0;0;0;754;6785.8;0;0;0;0;0;0;0;0;2261.9;2261.9;1508;0;0;0;1508;0;0;0;0;0;0;0;2261.9;754;0;754;754;0;0;0;0;0;0;0;0;3015.9;0;0;5277.9;1508;0;2261.9;0;0;0;0;2261.9;0;0;0;17341.6;0
0;4523.9;0;21111.5;57302.7;0;0;1508;0;0;0;3769.9;15079.6;0;0;0;0;0;1508;2261.9;0;1508;754;0;0;0;0;0;0;0;0;0;0;0;0;0;0;0;754;0;0;0;0;0;2261.9;0;0;0;0;0;0;3769.9;754;0;15833.6;0;0;0;0;0;0;0;0;19603.5;0
0;35437.2;0;85200;36191.1;0;0;0;0;0;0;4523.9;9801.8;0;0;0;0;0;0;6785.8;0;5277.9;1508;754;0;754;0;0;0;0;0;0;0;0;0;0;0;1508;754;754;0;0;0;0;754;0;0;0;0;0;0;6031.9;0;0;966605.2;0;0;0;0;0;0;0;0;33929.2;0
146272.6;29405.3;0;6031.9;15833.6;0;0;1508;0;0;0;1508;6785.8;0;0;0;0;0;4523.9;15833.6;0;13571.7;1508;1508;0;754;0;0;0;1508;0;0;0;0;0;0;0;0;0;3769.9;0;0;0;0;4523.9;0;0;0;5277.9;0;0;0;6031.9;0;520247.7;0;0;0;0;0;0;0;6031.9;13571.7;0
352863.7;9047.8;0;0;3769.9;0;0;1508;0;0;0;4523.9;16587.6;0;0;0;0;0;0;21865.5;0;5277.9;0;0;0;0;0;0;0;0;0;0;0;4523.9;6031.9;0;0;754;0;6785.8;0;0;0;0;4523.9;0;0;0;4523.9;0;0;8293.8;3769.9;0;299330.9;0;0;0;0;0;0;0;0;76906.2;0
47500.9;15833.6;0;85954;25635.4;0;0;0;0;0;0;2261.9;28651.3;0;40;0;0;3015.9;0;2261.9;0;4523.9;1508;2261.9;0;0;0;0;0;0;0;0;0;0;0;3015.9;0;0;0;3015.9;0;0;0;0;0;0;0;0;1508;0;0;15079.6;1508;0;6785.8;9047.8;0;0;0;7539.8;0;0;9047.8;24127.4;0
9801.8;14325.7;0;0;33175.2;0;0;0;0;0;0;6785.8;7539.8;0;0;0;0;26389.4;23373.4;11309.7;0;9801.8;754;6785.8;0;0;0;0;0;0;0;0;0;3015.9;0;0;0;0;0;2261.9;0;0;0;0;754;0;0;0;8293.8;52778.8;0;10555.8;0;0;71628.3;0;0;0;0;0;0;0;8293.8;0;0
0;6031.9;0;49762.8;19603.5;0;0;0;0;0;0;6785.8;8293.8;0;0;0;0;0;9801.8;4523.9;0;2261.9;0;2261.9;0;754;0;0;0;0;0;0;0;0;0;2261.9;0;0;754;0;0;754;0;0;0;0;0;0;0;62580.5;0;3769.9;0;0;10555.8;754;0;0;0;754;0;40;4523.9;0;0
45238.9;6031.9;0;24881.4;37699.1;0;0;0;0;0;0;2261.9;5277.9;0;0;0;0;3769.9;0;754;0;2261.9;0;1508;0;0;0;0;0;0;0;0;0;6031.9;754;0;0;754;3015.9;0;0;1508;0;0;754;0;0;0;4523.9;0;0;1508;2261.9;0;16587.6;0;0;0;0;754;0;0;0;0;0
30159.3;3769.9;0;3769.9;45238.9;0;0;0;0;0;0;3769.9;9047.8;0;0;0;0;0;0;754;0;754;0;3769.9;0;0;0;0;0;0;0;0;0;1508;0;0;0;754;0;1508;0;0;0;0;0;0;0;0;0;0;0;4523.9;754;0;11309.7;0;0;0;0;1508;0;40;0;0;0
0;1508;0;3769.9;9047.8;0;0;0;0;0;0;1508;5277.9;0;0;0;0;2261.9;9047.8;0;0;3015.9;754;754;0;0;0;0;0;0;0;0;0;1508;0;0;0;3015.9;0;754;0;0;0;0;754;0;0;0;0;0;0;754;4523.9;0;2261.9;0;0;0;0;0;0;0;0;12817.7;0
0;0;0;5277.9;30159.3;0;0;0;0;0;0;5277.9;6031.9;0;0;0;0;0;0;754;0;0;0;0;0;754;0;0;0;0;0;9801.8;0;1508;0;0;0;9801.8;0;1508;0;0;754;0;0;0;0;0;0;0;0;2261.9;4523.9;0;1508;0;0;0;0;0;0;0;1508;4523.9;0
0;13571.7;0;84446;61072.6;0;0;0;0;0;0;3769.9;9047.8;0;0;0;0;0;0;0;0;0;754;0;0;754;0;0;0;0;0;0;0;4523.9;754;0;0;3015.9;754;0;0;0;0;0;754;0;0;0;1508;0;0;5277.9;1508;0;21111.5;0;0;0;0;2261.9;0;0;2261.9;0;0
0;26389.4;0;76152.2;103295.6;0;0;0;0;0;1508;754;9047.8;0;0;0;0;0;3015.9;1508;0;0;1508;0;0;0;0;0;0;0;0;0;0;1508;2261.9;1508;0;754;2261.9;754;0;0;1508;0;754;0;0;0;0;188495.6;0;11309.7;2261.9;0;10555.8;0;0;0;0;6785.8;0;0;11309.7;10555.8;0
0;80676.1;0;0;110835.4;0;0;2261.9;0;2261.9;0;2261.9;23373.4;0;0;0;0;8293.8;6785.8;5277.9;0;12817.7;13571.7;7539.8;1508;0;0;0;0;0;0;0;0;3015.9;754;1508;0;754;0;754;0;0;754;0;1508;754;0;0;0;0;0;9801.8;9047.8;0;324966.3;754;4523.9;0;0;1508;0;40;7539.8;15833.6;0
9801.8;30159.3;0;0;36191.1;0;40;0;0;1508;0;754;2261.9;0;0;0;0;39207.1;0;9801.8;0;1508;754;754;0;0;0;0;3015.9;0;0;0;0;4523.9;0;0;0;0;0;754;0;754;0;0;17341.6;0;0;0;0;0;0;12063.7;0;0;14325.7;0;3769.9;0;0;754;0;0;8293.8;0;0
110835.4;21865.5;0;9801.8;15079.6;0;880;0;2261.9;0;0;0;8293.8;0;0;0;0;27897.3;5277.9;39961.1;0;754;1508;0;0;754;0;0;0;1508;0;0;0;3015.9;0;5277.9;0;0;754;11309.7;0;0;2261.9;0;14325.7;0;0;0;3015.9;0;0;12817.7;1508;0;553423;2261.9;0;0;0;754;0;160;0;41469;0
172661.9;15079.6;0;4523.9;22619.5;0;0;0;1508;754;0;6031.9;9801.8;0;0;0;0;15833.6;0;16587.6;0;754;754;754;0;1508;0;1508;0;754;0;0;0;8293.8;0;3015.9;0;0;0;12063.7;0;0;754;0;30159.3;0;0;6785.8;0;0;0;19603.5;3769.9;0;331752.2;0;0;0;0;0;0;0;0;8293.8;0
0;6785.8;0;27897.3;45992.9;0;0;0;0;0;0;2261.9;10555.8;0;0;0;0;40715;0;17341.6;0;754;1508;1508;0;0;37699.1;0;0;754;0;0;0;2261.9;1508;0;0;0;1508;0;0;754;0;0;10555.8;18095.6;0;754;4523.9;0;0;6785.8;754;0;6785.8;0;0;0;0;0;0;0;1508;4523.9;0
0;7539.8;0;42977;33175.2;0;0;0;2261.9;0;0;1508;754;0;0;0;0;2261.9;0;12063.7;0;1508;2261.9;0;0;0;0;0;0;754;0;0;0;0;1508;754;0;0;2261.9;0;0;0;0;0;2261.9;6785.8;0;0;3015.9;0;0;3015.9;0;0;3015.9;0;0;0;0;0;0;40;3769.9;4523.9;0
0;16587.6;0;24881.4;27143.4;0;0;0;3015.9;0;0;3769.9;4523.9;0;0;0;0;39207.1;0;9801.8;0;3769.9;3769.9;3015.9;754;1508;0;0;0;0;0;0;0;3015.9;754;0;0;2261.9;0;6031.9;0;0;0;0;7539.8;3769.9;0;0;4523.9;0;0;5277.9;0;0;24127.4;0;0;0;0;0;0;0;12063.7;0;0
0;16587.6;0;52024.8;33929.2;0;0;0;0;0;0;3769.9;6785.8;0;0;0;0;9801.8;0;754;0;3015.9;754;3769.9;0;0;0;0;0;0;0;22619.5;0;1508;0;0;0;0;0;0;0;0;0;0;0;754;754;0;0;0;0;3015.9;0;0;0;754;0;3015.9;0;0;0;0;6785.8;0;0
2261.9;0;0;17341.6;21865.5;0;0;0;1508;0;754;3769.9;4523.9;0;0;0;0;0;0;754;0;1508;2261.9;0;754;0;0;0;0;0;0;0;0;0;0;0;0;0;2261.9;0;0;0;0;0;2261.9;4523.9;0;0;1508;0;0;1508;0;0;754;0;0;0;0;0;0;0;4523.9;0;0
0;17341.6;0;23373.4;22619.5;0;0;0;1508;0;0;2261.9;5277.9;0;0;0;0;0;0;754;0;0;0;0;0;0;0;0;0;0;0;0;0;0;0;0;0;754;754;0;754;0;0;0;1508;1508;0;0;0;0;0;3769.9;0;0;1508;0;0;0;0;0;0;0;2261.9;0;0
0;19603.5;0;33175.2;26389.4;0;0;0;1508;754;754;754;6785.8;0;0;0;0;5277.9;0;0;0;754;754;754;754;0;0;0;0;0;0;0;0;4523.9;1508;0;0;0;1508;0;0;754;754;0;3769.9;0;0;0;0;0;0;754;0;0;0;0;0;0;0;0;0;0;1508;15079.6;0
0;76152.2;0;142502.6;98771.7;0;0;0;3015.9;1508;1508;2261.9;13571.7;0;0;0;754;5277.9;0;754;0;1508;5277.9;754;2261.9;0;0;0;0;0;0;0;0;4523.9;1508;10555.8;1508;1508;2261.9;0;0;2261.9;754;0;4523.9;0;754;5277.9;0;0;0;11309.7;3015.9;0;3769.9;754;0;0;0;0;0;0;30159.3;28651.3;0
0;220916.8;0;68612.4;133454.9;0;0;0;0;0;0;2261.9;21865.5;0;0;0;0;0;6031.9;0;0;4523.9;9801.8;0;1508;0;0;0;0;0;0;0;0;0;2261.9;1508;0;0;0;6785.8;0;0;0;0;12063.7;2261.9;754;0;0;0;0;12063.7;17341.6;0;24127.4;0;0;0;0;0;0;0;48254.9;21111.5;0
0;198297.3;0;3015.9;24881.4;0;0;0;0;754;0;0;4523.9;0;0;0;0;19603.5;0;1508;0;1508;2261.9;0;3015.9;0;0;0;0;0;0;0;0;3015.9;754;0;0;0;0;0;0;0;0;0;13571.7;8293.8;1508;0;2261.9;0;0;15833.6;0;0;262385.8;1508;4523.9;0;0;0;0;0;73136.3;91231.9;0
67104.4;88969.9;0;0;27143.4;0;40;0;2261.9;2261.9;0;5277.9;8293.8;0;0;0;0;20357.5;24127.4;4523.9;0;4523.9;3015.9;3015.9;0;0;0;0;0;0;0;0;0;3015.9;0;0;0;754;0;11309.7;0;0;0;0;10555.8;34683.2;0;0;23373.4;0;0;9801.8;2261.9;0;433539.8;26389.4;18095.6;0;0;0;0;0;3015.9;24127.4;0
0;8293.8;0;0;39961.1;0;0;0;754;0;0;0;22619.5;0;0;0;0;12817.7;4523.9;11309.7;0;11309.7;0;3769.9;754;0;0;0;0;0;0;0;0;0;0;2261.9;754;0;0;6785.8;0;0;0;0;1508;19603.5;754;0;3015.9;0;0;18095.6;7539.8;0;18095.6;754;4523.9;0;0;0;0;0;13571.7;6031.9;0
194527.4;236750.4;0;0;54286.7;0;0;0;2261.9;2261.9;0;9047.8;6785.8;0;0;0;0;24881.4;3015.9;7539.8;0;9801.8;2261.9;1508;0;0;0;0;0;0;0;0;0;0;0;0;0;0;754;0;0;0;0;0;10555.8;21111.5;0;0;3769.9;0;0;22619.5;1508;0;245044.2;7539.8;0;0;0;0;0;0;14325.7;23373.4;0
0;4523.9;0;33175.2;45238.9;0;0;0;0;754;0;754;28651.3;0;0;0;0;3769.9;0;0;0;3769.9;754;3015.9;0;0;0;0;0;0;0;0;0;0;0;0;0;0;0;0;0;754;0;0;0;9047.8;0;0;0;226194.7;0;1508;1508;0;0;0;0;0;0;1508;0;0;754;0;0
0;1508;0;58810.6;28651.3;0;0;0;0;0;0;754;28651.3;0;0;0;0;0;0;5277.9;0;5277.9;0;4523.9;0;0;0;0;0;754;0;0;0;0;0;0;0;0;0;0;0;2261.9;0;0;754;6785.8;0;0;1508;0;0;2261.9;754;0;3015.9;0;0;0;0;0;0;0;15079.6;15833.6;0
0;9801.8;0;9047.8;33929.2;0;0;0;0;0;0;4523.9;26389.4;0;0;0;0;0;0;2261.9;0;1508;0;3015.9;0;754;0;0;0;0;0;0;0;0;0;0;754;0;754;4523.9;0;0;0;0;754;2261.9;0;0;0;0;0;1508;754;0;1508;0;0;0;0;0;0;0;0;0;0
40715;13571.7;0;6785.8;39961.1;0;0;0;0;754;754;2261.9;24881.4;0;0;0;0;0;0;2261.9;0;3769.9;0;754;0;0;0;0;0;0;0;0;0;1508;0;754;0;754;754;0;0;0;0;0;0;754;0;0;0;0;0;1508;0;0;0;0;0;0;0;754;0;0;9801.8;25635.4;0
0;0;0;24881.4;26389.4;0;0;0;0;0;754;754;5277.9;0;0;0;0;0;0;0;0;0;0;754;0;0;0;0;0;0;0;0;0;0;0;3015.9;0;754;2261.9;0;0;0;0;0;754;0;0;0;0;0;0;2261.9;0;0;0;0;0;0;0;0;0;0;754;0;0
0;0;0;62580.5;42223;0;0;0;0;0;0;1508;4523.9;0;0;0;0;0;0;0;0;0;0;0;754;0;0;0;0;0;0;0;0;0;0;0;0;754;0;0;0;0;0;0;0;0;0;0;3015.9;0;0;2261.9;0;0;0;0;0;0;0;0;0;0;7539.8;0;0
0;52778.8;0;180201.8;52024.8;0;0;0;0;0;0;3769.9;6785.8;0;0;0;0;0;0;0;0;0;754;754;0;0;75398.2;0;0;754;0;0;0;0;0;0;0;0;1508;0;0;0;0;0;1508;754;0;0;0;0;0;4523.9;754;0;9801.8;0;0;0;0;0;0;0;0;4523.9;0
0;133454.9;0;138732.7;12063.7;0;0;0;0;0;0;1508;8293.8;0;0;0;0;0;0;754;0;754;0;0;1508;0;0;0;0;0;0;0;0;0;0;0;0;754;0;0;0;0;0;0;0;0;0;0;1508;0;0;754;754;0;3015.9;0;0;0;0;0;0;0;6785.8;0;0
0;119883.2;0;84446;12817.7;0;0;0;0;0;0;6785.8;6031.9;0;0;0;0;0;0;1508;0;0;2261.9;754;0;0;30159.3;0;1508;0;0;0;0;1508;1508;0;0;754;0;6031.9;0;0;0;0;754;2261.9;0;2261.9;0;0;0;1508;10555.8;0;156828.3;754;0;0;0;0;0;0;1508;15079.6;0
0;24127.4;0;0;4523.9;0;0;0;0;0;0;754;3015.9;0;0;0;0;6031.9;0;8293.8;0;3769.9;3015.9;1508;754;1508;0;0;0;0;0;0;0;4523.9;5277.9;754;0;2261.9;754;0;0;0;0;0;754;2261.9;0;0;3769.9;0;0;11309.7;754;0;44485;0;0;0;0;0;0;0;20357.5;25635.4;0
0;8293.8;0;6031.9;3769.9;0;0;0;2261.9;0;0;1508;754;0;0;0;0;6031.9;0;6031.9;0;2261.9;2261.9;1508;1508;0;0;0;0;0;0;0;0;1508;754;0;0;754;1508;0;0;0;0;0;754;3769.9;0;0;6031.9;0;0;3015.9;2261.9;0;23373.4;0;0;0;0;0;0;0;754;4523.9;0
12063.7;5277.9;0;6031.9;19603.5;0;0;0;754;2261.9;6031.9;4523.9;754;0;0;0;0;16587.6;0;24127.4;0;6785.8;0;6031.9;0;754;0;5277.9;0;0;0;0;0;0;0;0;0;0;2261.9;0;0;0;754;0;0;9801.8;0;0;10555.8;22619.5;0;8293.8;7539.8;0;12063.7;0;0;0;0;0;0;0;30159.3;24127.4;0
0;20357.5;0;19603.5;10555.8;113097.3;0;5277.9;0;0;0;4523.9;1508;0;0;0;0;0;28651.3;5277.9;0;4523.9;1508;8293.8;0;754;0;0;0;0;0;0;0;0;0;0;0;0;0;0;0;0;1508;0;1508;6785.8;0;0;6031.9;226194.7;0;3769.9;754;0;9801.8;0;0;0;0;0;0;0;9801.8;13571.7;226194.7
0;6031.9;0;3015.9;28651.3;0;0;0;0;754;0;2261.9;4523.9;0;0;0;0;0;0;6031.9;0;3769.9;0;3015.9;0;0;0;0;0;0;0;0;0;0;0;0;0;0;3015.9;11309.7;0;0;0;0;0;754;0;0;3015.9;0;0;1508;0;0;2261.9;1508;0;0;0;0;0;0;1508;0;0
0;3015.9;0;74644.2;19603.5;0;0;0;3015.9;0;0;3015.9;3769.9;0;0;0;0;0;0;3015.9;0;1508;0;6031.9;0;0;0;0;0;0;0;0;0;0;0;0;0;0;3015.9;12817.7;0;754;0;0;754;1508;0;0;1508;0;0;2261.9;0;0;3015.9;0;0;0;0;0;0;0;6031.9;0;226194.7
0;0;0;31667.3;6031.9;0;0;0;0;0;0;1508;3769.9;0;0;0;0;6031.9;0;0;0;3015.9;0;754;0;0;0;0;0;0;0;0;0;0;0;0;1508;754;1508;0;0;0;0;0;754;0;0;0;3015.9;75398.2;0;0;0;0;0;0;0;0;0;0;0;0;0;0;0
