Date,Dap_TA,Diaph_TA,Cala_TA,Nau_TA,Cyc_TA,Cerio_TA,Bosm_TA,Zoo_TA,Dap_TB,Diaph_TB,Cala_TB,Nau_TB,Cyc_TB,Cerio_TB,Bosm_TB,Zoo_TB,Dap_RA,Diaph_RA,Cala_RA,Nau_RA,Cyc_RA,Cerio_RA,Bosm_RA,Dap_RB,Diaph_RB,Cala_RB,Nau_RB,Cyc_RB,Cerio_RB,Bosm_RB,Zoo_SizeD,Zoo_SizeMean,Zoo_SizeSD,Zoo_H,Dap_GR,Diaph_GR,Cala_GR,Nau_GR,Cyl_GR,Cerio_GR,Bosm_GR
23/01/2004,2.374,0.011,0.141,0.778,0.786,0,1.268,5.357,12.114,0.032,0.781,0.325,3.23,0,0.731,17.213,44.311,0.198,2.627,14.52,14.678,0,23.667,70.379,0.183,4.534,1.889,18.766,0,4.248,2.70870975,0.633547704,0.40173891,1.389711229,0.009161315,0.00104896,0.00017229,0.006835996,0.000561933,0,0.012304369
25/03/2004,4.953,0.078,0.153,1.716,0.85,0,3.863,11.614,36.845,0.037,0.163,0.614,3.77,0,4.161,45.591,42.652,0.676,1.317,14.777,7.315,0,33.263,80.817,0.082,0.357,1.347,8.27,0,9.126,2.967236484,0.573158678,0.470999673,1.307307688,-0.014454757,-0.000642575,0.00169078,-0.007036722,-0.015078354,0,-0.022362017
22/04/2004,2.972,0.059,0.209,1.23,0.213,0,1.6,6.283,22.135,0.19,0.428,0.434,0.958,0,0.7,24.845,47.3,0.943,3.325,19.583,3.384,0,25.466,89.093,0.765,1.722,1.746,3.857,0,2.818,2.867644485,0.669706664,0.512735784,1.283673281,0.000567001,0.00102367,0.009762264,0.016112582,0.006581417,0,0.029099136
01/06/2004,3.063,0.104,0.786,3.249,0.578,0,7.327,15.106,24.705,0.228,2.155,1.326,1.587,0,3.281,33.281,20.276,0.685,5.206,21.507,3.825,0,48.501,74.231,0.684,6.474,3.984,4.769,0,9.858,NA,NA,NA,1.32436381,-0.01894728,0.042914076,0.044062925,-0.011066817,0.02125564,0,-0.048845063
06/07/2004,1.093,3.956,7.351,1.884,2.32,0,0.507,17.111,16.975,7.101,21.27,0.783,9.308,0,0.268,55.704,6.39,23.117,42.961,11.013,13.558,0,2.961,30.474,12.748,38.183,1.405,16.709,0,0.48,2.260165152,0.730759056,0.292209194,1.530926469,-0.015718171,0.032478556,0.004661247,0.008471642,-0.019328825,0,-0.009787288
05/08/2004,0.306,12.13,8.605,2.719,0.859,0,0.123,24.742,1.199,21.565,16.137,0.912,4.101,0,0.031,43.945,1.238,49.024,34.777,10.99,3.472,0,0.498,2.728,49.072,36.72,2.076,9.333,0,0.071,2.310336547,0.632205813,0.284407485,1.234983859,-0.00326742,0.025248186,0.038551228,0.029857886,0.012010993,0,0.008006852
28/09/2004,0.095,50.33,76.015,17.649,2.556,0,0.731,147.376,0.834,76.924,110.655,6.574,28.473,0,0.605,224.065,0.064,34.151,51.579,11.976,1.734,0,0.496,0.372,34.331,49.385,2.934,12.708,0,0.27,2.273458706,0.597092942,0.247886807,0.953836784,-0.000610079,-0.057409974,-0.04663711,-0.046010444,-0.024715093,0,-0.007899807
15/11/2004,0.063,2.263,7.211,1.049,0.086,0,0.185,10.856,0.337,7.411,16.261,0.348,0.609,0,0.127,25.093,0.584,20.844,66.419,9.662,0.791,0,1.701,1.343,29.535,64.803,1.386,2.426,0,0.506,NA,NA,NA,1.080878787,0.006222235,-0.015319878,-0.005201744,0.015762057,-0.000141691,0,0.009509162
31/01/2005,0.717,0.003,4.501,5.896,0.074,0,1.464,12.655,1.737,0.006,11.96,1.61,0.32,0,0.681,16.313,5.666,0.023,35.565,46.593,0.585,0,11.566,10.648,0.036,73.312,9.867,1.961,0,4.176,2.703344823,0.289817966,0.288218851,1.065979533,-0.000406142,-7.78574E-05,-0.000765853,0.008535623,-0.001069537,0,-0.004980547
10/03/2005,0.691,0,4.343,8.539,0.031,0,1.039,14.642,3.608,0,12.565,2.485,0.599,0,0.694,19.95,4.717,0,29.66,58.314,0.214,0,7.095,18.085,0,62.983,12.454,3,0,3.477,2.418197287,0.297149399,0.305351301,0.973274719,0.009828662,0.005706503,-0.028331739,0.011565768,0.001345416,0,0.007749014
11/04/2005,1.316,0.2,1.158,12.811,0.077,0,1.613,17.174,6.001,0.515,3.888,4.17,0.464,0,1.155,16.192,7.661,1.167,6.743,74.594,0.446,0,9.39,37.059,3.182,24.011,25.752,2.864,0,7.132,1.877044616,0.231431513,0.189048811,0.964261794,0.003395293,0.001309399,0.015439942,-0.021365209,0.001738888,0,0.016188256
18/05/2005,1.626,0.26,2.821,5.265,0.148,0,3.756,13.875,7.777,0.407,2.295,2.382,0.123,0,2.124,15.107,11.716,1.873,20.33,37.944,1.068,0,27.068,51.476,2.697,15.188,15.766,0.812,0,14.061,2.528331148,0.348409963,0.262547029,1.188336633,-0.022733986,-0.000363367,-0.010540998,-0.045436526,-0.000581101,0,-0.036399935
23/06/2005,0.158,0.244,1.614,0.22,0.124,0,0.283,2.644,1.145,0.727,4.756,0.082,1.381,0,0.114,8.205,5.985,9.213,61.063,8.339,4.707,0,10.693,13.954,8.857,57.97,0.996,16.83,0,1.392,2.291856515,0.754972572,0.371313464,0.604939199,-0.004992868,0.031132464,-0.019765342,0.00243801,-0.002182815,0,-0.007704336
21/07/2005,0.007,1.973,0.503,0.307,0.058,0,0.034,2.882,0.056,3.797,0.425,0.201,0.364,0,0.011,4.853,0.247,68.476,17.458,10.642,2.005,0,1.172,1.159,78.233,8.749,4.133,7.5,0,0.226,2.111818205,0.633656926,0.233147279,0.537785335,0.003652542,-0.002929197,-0.002501935,-0.001205732,0.002533329,0,-0.000493092
12/09/2005,0.222,1.546,0.316,0.226,0.21,0,0.007,2.527,1.713,2.669,0.52,0.107,0.7,0,0.007,5.715,8.794,61.168,12.522,8.934,8.301,0,0.281,29.975,46.697,9.096,1.871,12.243,0,0.117,NA,NA,NA,0.52525318,0.002080028,-0.00852794,0.007997824,-0.003690275,-0.004179477,0,-0.000167499
19/10/2005,0.32,0.857,0.77,0.069,0.036,0,0.001,2.053,2.048,1.096,1.021,0.034,0.347,0,0.001,4.547,15.584,41.732,37.489,3.377,1.775,0,0.043,45.048,24.102,22.465,0.738,7.629,0,0.018,2.094572431,0.624165889,0.231969038,0.468623962,-0.002288108,-0.015116678,-0.003224891,0.003222955,-0.000843269,0,0.000187802
21/11/2005,0.224,0.128,0.591,0.189,0.008,0,0.007,1.147,1.338,0.337,1.075,0.045,0.048,0,0.002,2.845,19.527,11.12,51.53,16.505,0.697,0,0.62,47.024,11.839,37.795,1.568,1.701,0,0.072,2.41430793,0.610578906,0.297008256,0.260673183,0.013054056,-0.00168334,0.018925206,0.007345783,0.000172644,0,0.000940748
04/01/2006,1.174,0.047,2.659,0.643,0.016,0,0.05,4.588,6.484,0.078,7.023,0.174,0.326,0,0.062,14.147,25.584,1.026,57.949,14.017,0.342,0,1.083,45.83,0.553,49.642,1.233,2.301,0,0.441,2.181702889,0.729070678,0.30506403,0.607233693,0.005889935,-0.001585694,-0.007912562,0.015370777,0.000753628,0,0.003006929
02/02/2006,1.579,0,1.909,1.566,0.038,0,0.145,5.237,11.293,0,5.589,0.493,0.038,0,0.085,17.497,30.147,0,36.446,29.904,0.728,0,2.775,64.542,0,31.939,2.818,0.217,0,0.483,2.730176608,0.492325958,0.436823742,0.584997714,-0.001788812,0.00043523,0.005676825,0.035687008,0.003437273,0,0.004585858
27/02/2006,1.466,0.011,2.352,5.262,0.131,0,0.284,9.507,6.471,0.022,5.442,1.992,0.589,0,0.268,14.785,15.42,0.115,24.741,55.351,1.381,0,2.992,43.766,0.149,36.81,13.474,3.986,0,1.815,1.30817392,0.819984696,0.250038473,0.638521254,0.009141057,-0.000375199,0.009206062,0.001232131,0.000973508,0,0.008701605
28/03/2006,2.215,0,3.378,5.49,0.164,0,0.653,11.899,10.653,0,9.998,1.714,0.256,0,0.565,23.186,18.611,0,28.388,46.137,1.376,0,5.489,45.946,0,43.122,7.393,1.103,0,2.437,2.386140527,0.287918059,0.32897808,0.785054138,0.007176971,0.003356553,-0.022758761,-0.004529994,0.012758646,0,0.001572741
29/04/2006,3.044,0.113,1.113,4.614,0.75,0,0.738,10.374,18.408,0.363,2.885,1.905,1.933,0,0.435,25.93,29.346,1.093,10.732,44.477,7.233,0,7.118,70.993,1.402,11.125,7.347,7.456,0,1.677,NA,NA,NA,0.772035086,-0.025089439,0.008779724,0.025785818,-0.019438687,0.00962583,0,-0.008661132
24/05/2006,1.16,0.387,3.027,2.453,1.227,0,0.4,8.653,5.575,0.47,3.322,0.929,1.284,0,0.377,11.957,13.405,4.468,34.977,28.351,14.176,0,4.622,46.623,3.934,27.78,7.768,10.74,0,3.156,2.082991505,0.597404823,0.226063444,0.800378171,-0.010092688,0.011419591,0.005038324,0.00720576,-0.010705941,0,-0.00544997
29/06/2006,0.502,1.092,3.827,3.476,0.515,0,0.151,9.562,4.924,2.192,4.066,1.316,2.459,0,0.142,15.099,5.249,11.417,40.026,36.352,5.381,0,1.575,32.613,14.519,26.928,8.716,16.284,0,0.941,2.114971804,0.568804631,0.266500714,0.727442841,-0.006503192,0.026530329,0.026183946,-0.039183145,0.005808726,0,-0.003463527
28/07/2006,0.244,3.515,9.316,0.437,0.792,0,0.041,14.344,3.535,3.637,12.527,0.165,2.805,0,0.038,22.708,1.7,24.504,64.943,3.045,5.524,0,0.283,15.567,16.017,55.167,0.728,12.351,0,0.169,NA,NA,NA,0.961976508,-0.000927851,0.017593362,-0.006820411,-0.003726682,-0.009171803,0,0.00083062
14/09/2006,0.19,9.505,6.436,0.201,0.154,0,0.083,16.569,0.748,13.003,5.042,0.076,0.659,0,0.078,19.607,1.144,57.368,38.841,1.216,0.93,0,0.501,3.816,66.32,25.713,0.389,3.362,0,0.399,2.222940864,0.566554309,0.230510036,0.978100018,0.007019927,0.002467053,-0.034193334,0.037816623,0.026998105,0,0.023326042
11/10/2006,0.438,10.229,1.954,2.335,1.392,0,1.033,17.381,2.588,15.333,2.556,0.884,2.636,0,0.975,24.972,2.519,58.85,11.24,13.437,8.01,0,5.943,10.366,61.4,10.234,3.541,10.557,0,3.902,1.894962842,0.639614956,0.204350778,1.022367235,0.020584215,-0.034699069,-0.018618577,-0.01302253,0.015273464,0.001452619,0.030881267
07/11/2006,1.507,3.4,0.787,1.347,2.613,0.04,3.68,13.373,9.688,6.825,1.456,0.51,9.266,0.018,5.788,33.551,11.266,25.424,5.882,10.07,19.541,0.299,27.517,28.875,20.342,4.339,1.52,27.619,0.055,17.25,1.883647404,0.724481317,0.363572503,1.064629677,-0.000810707,-0.035232409,-0.013664734,0.023824201,-0.026538048,0.00125655,-0.003364723
06/12/2006,1.448,0.584,0.202,3.683,0.674,0.079,3.245,9.914,7.293,1.161,0.417,1.394,2.102,0.036,5.253,17.656,14.609,5.889,2.039,37.146,6.795,0.793,32.729,41.305,6.576,2.36,7.897,11.907,0.206,29.75,1.89395262,0.884031833,0.274464781,0.697975874,0.003432451,-0.004351032,0.001227008,-0.000671957,0.010407672,-0.000169857,0.016897867
16/01/2007,1.818,0.325,0.264,3.556,1.564,0.071,7.487,15.086,6.459,0.653,0.782,1.346,2.667,0.03,7.063,18.999,12.054,2.155,1.751,23.569,10.37,0.471,49.63,33.994,3.436,4.115,7.085,14.038,0.156,37.176,1.906721318,0.731962233,0.235024261,0.885244424,-0.000447307,-0.010052584,0.003646089,0.018668071,-0.003629018,0.003558528,0.007030043
13/02/2007,1.783,0,0.4,6.683,1.317,0.183,9.333,19.7,7.377,0,1.152,2.53,2.801,0.066,8.805,22.732,9.052,0,2.03,33.926,6.684,0.931,47.377,32.452,0,5.069,11.131,12.323,0.291,38.734,2.014710619,0.778516567,0.259095006,0.876160001,-0.002066603,0.00061203,-0.004240036,-0.006353065,0.015233009,-0.003914775,-0.014026269
28/03/2007,1.547,0.027,0.167,4.847,3.46,0,4.653,14.7,7.488,0.054,0.596,1.835,7.811,0,4.39,22.174,10.522,0.181,1.134,32.971,23.537,0,31.655,33.769,0.241,2.689,8.275,35.228,0,19.798,1.932389004,0.695731295,0.250981479,0.804217628,-0.03070101,0.001511743,-7.79829E-05,0.01320147,-0.039647587,0,-0.020601302
17/04/2007,0.378,0.058,0.165,6.613,1.018,0,2.744,10.977,1.573,0.021,0.127,2.504,2.983,0,2.589,9.797,3.445,0.53,1.502,60.247,9.276,0,25,16.055,0.215,1.3,25.555,30.45,0,26.425,2.092933254,0.720057903,0.261703023,0.480072131,0.039369401,0.004984382,0.02556818,-0.002409344,0.020998339,0,0.021659267
15/05/2007,3.15,0.217,1.383,6.117,2.633,0,5.867,19.367,18.07,0.251,3.564,2.316,5.503,0,5.535,35.239,16.265,1.119,7.143,31.583,13.597,0,30.293,51.28,0.713,10.115,6.571,15.615,0,15.706,2.290690617,0.802961912,0.454699336,0.965351422,-0.023239044,-0.000459777,0.036542619,-0.005541513,-0.020573534,0.000441508,-0.026152713
14/06/2007,1.067,0.2,6.133,5.027,0.96,0.013,2.133,15.533,3.708,0.841,9.606,1.903,2.943,0.001,2.013,21.014,6.867,1.288,39.485,32.361,6.18,0.086,13.734,17.646,4,45.711,9.056,14.004,0.007,9.577,2.225129293,0.629026122,0.449355009,0.81103235,-0.014834795,0.041055192,0.009687718,-0.000841878,-0.002927856,-0.000401371,-0.019694117
17/07/2007,0.267,3.651,8.821,4.862,0.779,0,0.636,19.015,0.616,3.024,13.578,1.841,2.6,0,0.6,22.258,1.402,19.202,46.386,25.566,4.099,0,3.344,2.767,13.585,61.003,8.269,11.68,0,2.695,1.870001858,0.633343534,0.220747737,0.882353353,-0.005593641,0.045153376,-0.037048367,-0.030851293,0.009917021,0,-0.016151471
08/08/2007,0.12,11.56,3.347,1.973,1.213,0,0.147,18.36,1.281,12.769,4.795,0.747,3.693,0,0.138,23.423,0.654,62.963,18.228,10.748,6.609,0,0.799,5.467,54.514,20.471,3.19,15.768,0,0.591,1.793931713,0.58378662,0.189792443,0.874958199,-0.000574916,-0.001235432,0.019275886,0.026155061,-0.004472154,0,-0.002793045
26/09/2007,0.089,10.822,10.178,9.711,0.778,0,0,31.578,0.045,20.19,12.486,3.676,4.152,0,0,40.549,0.281,34.272,32.231,30.753,2.463,0,0,0.111,49.791,30.792,9.067,10.239,0,0,1.98244115,0.650326916,0.229797953,0.965086687,0,-0.022124531,-0.008572074,-0.002479912,-0.009295825,0.012016866,0
24/10/2007,0.089,5.363,7.793,8.993,0.37,0.4,0,23.007,0.147,8.449,7.93,3.404,2.241,0.143,0,22.314,0.386,23.31,33.87,39.086,1.61,1.739,0,0.66,37.864,35.538,15.257,10.041,0.639,0,1.869387002,0.58990066,0.184242796,0.821705949,0.00121023,-0.036284857,-0.007202934,-0.009564297,-0.003428396,0.007982008,0.002976504
21/11/2007,0.126,1.304,6.187,6.645,0.245,0.751,0.087,15.344,0.314,2.327,7.847,2.516,1.899,0.269,0.082,15.254,0.824,8.496,40.319,43.306,1.596,4.892,0.566,2.056,15.256,51.446,16.492,12.447,1.766,0.538,1.561856811,0.614664214,0.159453037,0.638374703,0.001036663,-0.033152504,-0.052169543,-0.04001123,-0.009064164,-0.012486826,-0.001364451
14/12/2007,0.154,0.075,1.165,2.046,0.011,0.314,0.053,3.817,0.711,0.124,1.627,0.775,0.172,0.091,0.05,3.55,4.025,1.956,30.52,53.605,0.279,8.217,1.397,20.032,3.482,45.824,21.821,4.846,2.577,1.418,1.633254939,0.620355758,0.172909921,0.216582706,0.000294796,-0.001127402,-0.009875586,-0.003880404,0.00083554,0.00662966,0.002663735
08/01/2008,0.162,0.045,0.691,1.764,0.032,0.55,0.126,3.371,0.674,0.024,1.105,0.668,0.144,0.16,0.119,2.893,4.81,1.329,20.506,52.342,0.949,16.329,3.734,23.312,0.824,38.187,23.089,4.966,5.517,4.105,1.979898625,0.558523135,0.197624232,0.207054038,-0.000961653,-0.001276384,0.001549161,-0.004308353,-0.001016086,-0.0028765,-0.000679467
08/02/2008,0.128,0.004,0.774,1.419,0,0.418,0.102,2.846,0.435,0.009,1.674,0.537,0,0.172,0.097,2.923,4.498,0.15,27.211,49.85,0,14.693,3.598,14.869,0.293,57.282,18.374,0,5.877,3.305,NA,NA,NA,0.177684648,0.001091777,-0.000109169,0.005944163,0.00905205,0,0.003926394,0.000246906
18/03/2008,0.177,0,1.237,2.443,0,0.653,0.113,4.623,0.65,0,2.87,0.925,0,0.254,0.107,4.804,3.83,0,26.765,52.838,0,14.121,2.446,13.526,0,59.729,19.248,0,5.278,2.22,1.528670222,0.714746712,0.185196401,0.239297123,0.003425476,9.18316E-05,-0.013058987,-0.021602786,4.59464E-05,0.000177575,0.012856379
16/04/2008,0.3,0.003,0.532,0.84,0.001,0.661,0.616,2.953,1.381,0.005,1.178,0.318,0.006,0.243,0.581,3.713,10.158,0.09,18.014,28.442,0.045,22.393,20.858,37.206,0.144,31.715,8.565,0.161,6.558,15.651,2.173842006,0.56227497,0.236568859,0.24406678,-0.000713379,0.003296447,0.014933322,0.00317699,-4.93498E-05,-0.013991204,0.000158565
13/05/2008,0.275,0.096,1.293,1.005,0,0.139,0.623,3.43,0.884,0.193,0.94,0.38,0,0.047,0.588,3.032,8.022,2.799,37.687,29.291,0,4.042,18.159,29.144,6.358,31.01,12.547,0,1.557,19.383,1.899383528,0.501240959,0.2168422,0.260066653,-0.002449631,0.018217694,-0.016777537,-0.010201593,0.005991849,-0.003237046,0.001403899
10/06/2008,0.191,0.825,0.433,0.507,0.183,0.04,0.688,2.867,1.209,0.628,0.576,0.192,0.254,0.013,0.649,3.522,6.651,28.791,15.116,17.674,6.372,1.395,24,34.335,17.834,16.368,5.447,7.223,0.362,18.43,NA,NA,NA,0.26415704,-0.006080564,0.009576253,0.034891476,-0.004608602,0.00357556,-0.00140074,-0.018394545
08/07/2008,0.004,1.387,2.807,0.324,0.307,0,0.009,4.838,0.022,3.01,5.054,0.123,1.38,0,0.008,9.597,0.088,28.66,58.025,6.702,6.349,0,0.176,0.233,31.368,52.659,1.279,14.376,0,0.084,1.408510419,0.719120022,0.167927686,0.366961522,0,0.000901749,-0.012622613,0.016875827,-0.003632354,0,-0.000223609
15/08/2008,0.004,1.47,1.357,1.515,0.139,0,0,4.484,0.022,2.412,2.254,0.573,1.186,0,0,6.448,0.095,32.778,30.257,33.777,3.092,0,0,0.347,37.405,34.961,8.893,18.394,0,0,1.791187191,0.662800071,0.223731518,0.268091712,0.000727738,0.050603071,-0.009500943,0.015899496,0.011894551,0.000642029,0.00021557
18/09/2008,0.029,12.8,0.706,3.318,0.706,0.022,0.007,17.589,0.238,12.307,1.055,1.256,4.817,0.003,0.007,19.684,0.167,72.773,4.015,18.862,4.015,0.125,0.042,1.208,62.525,5.362,6.381,24.472,0.018,0.035,1.538944241,0.561100335,0.158120861,0.623010482,0.003362778,-0.033392615,0.0213583,0.007081344,-0.007048865,0.0067831,0.002563901
24/10/2008,0.162,3.148,2.681,4.571,0.324,0.305,0.105,11.295,0.826,4.846,4.446,1.731,2.144,0.094,0.099,14.186,1.433,27.867,23.735,40.472,2.867,2.698,0.927,5.825,34.16,31.341,12.2,15.116,0.661,0.697,1.692138424,0.662978114,0.196040697,0.495391186,-0.013641881,-0.129079212,-0.087968374,-0.116035485,-0.025501235,-0.024183689,-0.009057258
04/11/2008,0,0.003,0.399,0.555,0,0,0,0.956,0,0.005,0.1,0.21,0,0,0,0.315,0,0.279,41.702,58.02,0,0,0,0,1.7,31.614,66.686,0,0,0,1.683299588,0.329897055,0.094493086,0.045341324,0.005186793,0.01020103,0.030922243,0.059764177,0.007674609,0.009238721,0.005867957
03/12/2008,0.162,0.348,2.429,7.797,0.249,0.307,0.186,11.478,0.883,0.293,4.924,2.952,2.023,0.134,0.175,11.383,1.414,3.03,21.162,67.929,2.172,2.677,1.616,7.754,2.57,43.257,25.932,17.775,1.175,1.537,1.534216051,0.735927657,0.194495913,0.316661657,0.003819337,-0.006941697,0.014321054,0.013225126,-0.00040788,-0.002850529,0.010745261
15/01/2009,0.37,0,5.348,14.535,0.228,0.156,0.882,21.518,1.507,0,13.216,5.503,2.442,0.081,0.832,23.581,1.718,0,24.851,67.548,1.058,0.727,4.098,6.392,0,56.047,23.336,10.356,0.342,3.528,1.021861107,0.813702472,0.159754329,0.449541065,-0.004937666,0,-0.004485107,-0.021858893,-0.002442277,-0.003972029,-0.008710183
19/02/2009,0.152,0,4.425,6.229,0.127,0.006,0.387,11.327,0.847,0,10.769,2.358,0.945,0.001,0.365,15.284,1.345,0,39.07,54.989,1.121,0.056,3.419,5.54,0,70.454,15.428,6.181,0.007,2.391,0.305463587,0.823096096,0.089355569,0.334740776,0.006672753,0,-0.022350801,0.03676344,-0.000396847,0.000287002,0.004447568
10/03/2009,0.308,0,2.548,13.535,0.119,0.012,0.51,17.031,0.365,0,5.61,5.124,0.249,0.002,0.481,11.831,1.809,0,14.962,79.471,0.696,0.07,2.992,3.084,0,47.421,43.311,2.105,0.016,4.064,0.87302676,0.778163089,0.134486203,0.274131072,-0.004167626,0.002798397,-0.029851706,-0.033670288,-0.000826074,-0.000318437,-0.010324632
16/04/2009,0.121,0.109,0.176,3.182,0.085,0,0.03,3.703,0.248,0.047,0.464,1.205,0.043,0,0.029,2.035,3.273,2.946,4.746,85.925,2.291,0,0.818,12.195,2.3,22.798,59.184,2.117,0,1.405,NA,NA,NA,0.065148902,0.009742863,0.005556775,-0.002432352,-0.021002336,-0.002566699,0,0.068471371
12/05/2009,0.444,0.281,0.104,1.422,0.015,0,5.111,7.378,1.306,0.153,0.217,0.538,0.067,0,6.64,8.921,6.024,3.815,1.406,19.277,0.201,0,69.277,14.643,1.712,2.434,6.036,0.745,0,74.43,1.767246683,0.381099209,0.12816973,0.361319879,0.006586301,0.038819828,0.000883054,-0.014952777,0.00558718,0,-0.049440194
11/06/2009,0.76,3.107,0.133,0.547,0.2,0,0.387,5.133,2.329,5.127,0.184,0.207,0.311,0,0.936,9.095,14.805,60.519,2.597,10.649,3.896,0,7.532,25.611,56.373,2.026,2.276,3.423,0,10.291,1.822912454,0.644762359,0.440344248,0.33196119,0.018762248,-0.044441068,0.019902463,-0.017019676,0.038254631,0,-0.00362056
06/07/2009,1.813,0.352,0.864,0.011,2.123,0,0.267,5.429,12.82,0.348,3.59,0.004,17.758,0,0.252,34.772,33.399,6.483,15.914,0.196,39.096,0,4.912,36.869,1.002,10.324,0.012,51.071,0,0.723,1.546280759,1.047131691,0.259929545,0.397642287,-0.024193959,0.014271835,0.015503811,0.013250728,-0.010254956,0,-0.005194406
17/08/2009,0.018,1.462,2.575,0.763,1.03,0,0.018,5.867,0.096,1.395,2.646,0.289,7.315,0,0.017,11.759,0.313,24.922,43.887,13.009,17.555,0,0.313,0.82,11.866,22.505,2.457,62.204,0,0.148,1.914277024,0.58394021,0.223210148,0.354172493,0.001606476,0.06329768,0.028553587,0.028182603,-0.022456685,0,-0.000867797
07/09/2009,0.053,8.302,5.511,2.187,0.267,0,0,16.32,0.28,10.046,7.52,0.828,0.604,0,0,19.279,0.327,50.871,33.769,13.399,1.634,0,0,1.451,52.111,39.009,4.294,3.136,0,0,1.672882918,0.609330631,0.177121963,0.623825876,-0.000948358,0.018013938,-0.011750413,0.020225022,-0.00303164,0,0
01/10/2009,0.03,13.333,3.911,4.178,0.178,0,0,21.63,0.151,15.73,4.675,1.582,0.584,0,0,22.722,0.137,61.644,18.082,19.315,0.822,0,0,0.666,69.227,20.576,6.961,2.571,0,0,1.669432755,0.59630936,0.172583792,0.652830504,0.003816828,-0.045476926,0.017417795,0.020105022,0.000713407,0,0
22/10/2009,0.116,4.516,6.08,6.898,0.196,0,0,17.804,0.699,9.649,10.626,2.611,1.334,0,0,24.92,0.649,25.362,34.149,38.742,1.098,0,0,2.807,38.722,42.64,10.479,5.353,0,0,1.541835343,0.714922131,0.171738167,0.533192195,0.005768658,-0.031065856,-0.006646255,0.008705405,-0.000873582,0,0
19/11/2009,0.311,1.311,4.878,9.078,0.167,0,0,15.744,1.458,3.332,6.456,3.437,1.137,0,0,15.819,1.976,8.327,30.981,57.657,1.059,0,0,9.216,21.064,40.809,21.725,7.186,0,0,1.869217991,0.632239445,0.196847181,0.382396517,-0.002206213,-0.017770121,-0.006440394,-0.005244596,0.000612203,0,0
22/12/2009,0.219,0.286,3.752,7.476,0.19,0,0,11.924,0.577,0.68,6.111,2.83,1.129,0,0,11.328,1.837,2.396,31.47,62.7,1.597,0,0,5.095,6.004,53.949,24.985,9.966,0,0,1.397587157,0.689563345,0.156597197,0.273537014,0.014580426,-0.008666015,0.000125415,0.009924474,0.000793312,0,0
20/01/2010,0.861,0,3.77,10.303,0.218,0,0,15.152,3.11,0,7.713,3.901,0.243,0,0,14.967,5.68,0,24.88,68,1.44,0,0,20.781,0,51.535,26.06,1.625,0,0,0.816183656,0.76596923,0.121724519,0.290425654,-0.005850488,0,0.017769394,0.006358114,-0.003694876,0,0
11/02/2010,0.636,0,6.051,12,0.123,0,0,18.81,2.827,0,12.111,4.543,0.226,0,0,19.707,3.381,0,32.17,63.795,0.654,0,0,14.344,0,61.456,23.053,1.147,0,0,0.817658812,0.760015776,0.114181843,0.341230201,-0.002832991,0,-0.02434655,-0.002045122,-0.001495748,0.000244142,0.000244142
15/03/2010,0.494,0,2.235,11.176,0.071,0.008,0.008,13.992,1.396,0,4.576,4.231,0.215,0.005,0.007,10.431,3.531,0,15.975,79.877,0.504,0.056,0.056,13.385,0,43.867,40.565,2.06,0.052,0.071,0.918306005,0.764487928,0.125403588,0.189538449,0.00873726,0,0.012436712,0.008287263,-0.001074919,0.00117937,-0.000339676
07/04/2010,0.827,0,3.307,13.733,0.044,0.036,0,17.947,2.659,0,6.988,5.199,0.303,0.019,0,15.169,4.606,0,18.425,76.523,0.248,0.198,0,17.533,0,46.066,34.276,1.999,0.127,0,1.299538207,0.770185008,0.168103322,0.251979661,0.010352597,0.022067963,0.002963743,-0.001195246,0.016711523,-0.000582584,0.000711418
04/05/2010,1.416,0.815,3.665,13.265,0.64,0.019,0.019,19.84,3.587,1.234,4.359,5.022,4.365,0.003,0.018,18.588,7.136,4.106,18.475,66.862,3.226,0.098,0.098,19.296,6.637,23.449,27.018,23.485,0.016,0.098,1.979606554,0.594299842,0.256157971,0.389852722,0.01718338,0.025279207,0.033910052,-0.001402725,0.001938207,-0.000533563,-0.000533563
09/06/2010,3.484,3.508,14.815,12.563,0.759,0,0,35.129,19.905,3.532,14.29,4.756,1.152,0,0,43.634,9.919,9.987,42.173,35.762,2.159,0,0,45.617,8.094,32.749,10.9,2.641,0,0,1.735611998,0.575372896,0.180825425,0.780523419,-0.040176817,0.026779394,-0.014537597,-0.016735365,-0.010432671,0,0.000565621
05/07/2010,0.578,8.044,9.837,7.778,0.341,0,0.015,26.593,1.645,11.766,12.381,2.945,0.774,0,0.014,29.525,2.173,30.251,36.992,29.248,1.281,0,0.056,5.573,39.851,41.933,9.973,2.622,0,0.047,1.659887073,0.625638123,0.172503662,0.689063534,-0.012628351,-0.02196571,-0.034184948,-0.032216441,-0.007376895,0,-0.000474392
05/08/2010,0.067,3.578,2.756,2.233,0.067,0,0,8.7,0.573,4.679,3.86,0.846,0.188,0,0,10.146,0.766,41.124,31.673,25.67,0.766,0,0,5.65,46.12,38.047,8.333,1.849,0,0,1.82234087,0.617467416,0.199223026,0.342849973,-0.000150603,-0.005903604,0.031722248,0.0228283,0.002176053,0.00246433,0.00063454
06/09/2010,0.062,2.79,9.364,5.713,0.144,0.082,0.021,18.174,0.323,3.127,6.276,2.163,0.404,0.019,0.019,12.331,0.339,15.35,51.524,31.433,0.79,0.451,0.113,2.617,25.357,50.901,17.54,3.277,0.15,0.157,1.647944326,0.489871234,0.146514058,0.50516547,0.019269401,-0.014933845,-0.002995843,-0.016440409,0.005568827,0.044188923,0.000390142
08/10/2010,0.967,1.35,8.417,2.967,0.367,3.45,0.033,17.55,2.616,1.634,9.22,1.123,0.605,0.707,0.031,15.936,5.508,7.692,47.958,16.904,2.089,19.658,0.19,16.414,10.251,57.857,7.048,3.797,4.434,0.197,1.940851213,0.545150541,0.181425833,0.628874185,-0.009170902,-0.014915266,-0.018663067,-0.003610255,-0.005288861,0.027093124,-0.001057736
08/11/2010,0.48,0.48,4.28,2.547,0.16,9.307,0,17.253,1.801,1.289,3.968,0.964,0.074,2.311,0,10.407,2.782,2.782,24.807,14.76,0.927,53.941,0,17.303,12.385,38.128,9.264,0.709,22.21,0,1.742633884,0.393228271,0.134170162,0.588038781,0.025703624,-0.011975075,0.003035137,-0.025507764,0.001589829,0.007308501,0
08/12/2010,2.2,0.033,4.783,0.65,0.217,11.833,0,19.717,6.547,0.067,6.897,0.246,2.695,2.394,0,18.846,11.158,0.169,24.26,3.297,1.099,60.017,0,34.738,0.355,36.597,1.306,14.298,12.706,0,2.24404884,0.366851941,0.181466579,0.68280708,-0.013032452,-0.000993631,-0.00885054,0.007890201,-0.004625144,-0.010553291,0
10/01/2011,1.081,0,3.319,1.141,0.044,8.059,0,13.644,5.169,0,4.246,0.432,0.2,1.964,0,12.011,7.926,0,24.321,8.36,0.326,59.066,0,43.037,0,35.351,3.596,1.661,16.355,0,1.948807008,0.391271267,0.152982694,0.517243222,-0.005010111,0,-0.006720068,0.028752515,0.001219775,-0.040299603,0
08/02/2011,0.8,0,2.554,3.928,0.082,1.815,0,9.179,3.588,0,4.393,1.487,0.368,0.884,0,10.721,8.715,0,27.821,42.793,0.894,19.777,0,33.467,0,40.978,13.871,3.436,8.249,0,1.798978987,0.614838286,0.195191907,0.297200277,-0.010123703,0,-0.016188972,0.01247269,0.001493696,-0.031125633,0
11/03/2011,0.315,0,1.152,6.255,0.133,0.073,0,7.927,0.938,0,2.119,2.368,0.113,0.014,0,5.551,3.976,0,14.526,78.899,1.682,0.917,0,16.895,0,38.171,42.657,2.029,0.248,0,1.347842779,0.723139886,0.158410526,0.117357852,0.008581707,0.001422822,0.026197624,0.012402388,0.003610556,-0.001556695,0.000290785
18/04/2011,0.822,0.056,4.822,10.622,0.3,0.011,0.011,16.644,3.137,0.112,3.54,4.021,0.215,0.005,0.01,11.041,4.94,0.334,28.972,63.818,1.802,0.067,0.067,28.41,1.01,32.064,36.423,1.951,0.047,0.095,1.891882238,0.485240005,0.237477908,0.295064834,0.024800927,0.004634766,0.022809674,-0.015913773,0.015737188,0.002555447,0.00012608
17/05/2011,2.741,0.207,10.281,6.326,1.052,0.089,0.015,20.711,11.086,0.421,7.623,2.395,0.789,0.009,0.014,22.336,13.233,1.001,49.642,30.544,5.079,0.429,0.072,49.63,1.883,34.127,10.722,3.533,0.042,0.063,2.040057804,0.534225991,0.200242258,0.543817015,0.01126974,0.022965315,-0.011036383,0.020935257,-0.00216057,0.005916485,0.000180971
09/06/2011,3.848,1.048,7.752,10.857,0.952,0.248,0.019,24.724,16.783,1.667,11.715,4.11,1.072,0.118,0.018,35.483,15.562,4.237,31.356,43.914,3.852,1.002,0.077,47.3,4.697,33.015,11.584,3.021,0.332,0.051,1.884826513,0.695992914,0.21858796,0.569683155,-0.023841414,0.051892793,0.004560196,-0.016792108,-0.006050138,-0.005267547,0.002530825
21/07/2011,0.781,17.105,9.6,4.857,0.514,0,0.133,32.99,3.723,31.749,10,1.839,2.573,0,0.126,50.011,2.367,51.848,29.099,14.723,1.559,0,0.404,7.445,63.484,19.997,3.677,5.146,0,0.252,1.928919326,0.653937621,0.214857745,0.776558299,-0.016197118,-0.066562584,0.005099257,0.026171683,0.00039063,0.000748539,-0.003162809
22/08/2011,0.061,1.152,11.479,12.533,0.533,0.024,0.024,25.806,0.341,1.352,16.287,4.745,1.709,0.011,0.023,24.468,0.235,4.462,44.481,48.567,2.067,0.094,0.094,1.396,5.526,66.564,19.393,6.983,0.046,0.093,1.894569765,0.638907761,0.197200007,0.462141068,0.004188896,0.026558924,-0.005927693,-0.009943579,0.032828039,0.005434869,0.005875792
19/09/2011,0.193,3.526,9.57,9.244,2.844,0.193,0.207,25.778,0.633,5.414,10.795,3.5,6.448,0.06,0.196,27.046,0.747,13.678,37.126,35.862,11.034,0.747,0.805,2.342,20.019,39.913,12.94,23.84,0.222,0.723,1.993085331,0.593652122,0.201175328,0.616013778,0.026181306,-0.012696603,-0.009000054,-0.007690412,-0.002038617,-0.001046615,0.002281588
10/10/2011,1.067,2.467,7.75,7.717,2.683,0.167,0.267,22.117,7.05,4.92,13.872,2.921,7.694,0.09,0.252,36.799,4.823,11.153,35.041,34.891,12.133,0.754,1.206,19.157,13.371,37.695,7.939,20.908,0.246,0.684,1.604972296,0.719689322,0.187723447,0.584320293,0.03350963,-0.027448962,-0.012474816,-0.01099222,-0.018166048,0.005747513,0.010430659
07/11/2011,4.281,0.607,5.17,5.407,1.215,0.37,0.696,17.748,18.652,1.133,8.781,2.047,1.819,0.053,0.657,33.141,24.124,3.422,29.132,30.467,6.845,2.087,3.923,56.279,3.419,26.494,6.177,5.488,0.16,1.982,1.852125451,0.76445083,0.255991752,0.537898822,-0.001121992,-0.008650373,-0.021748335,0.00443852,-0.003179236,0.004885144,0.002951286
07/12/2011,4.107,0.24,2.213,6.32,1.013,0.587,0.853,15.333,25.954,0.716,4.642,2.393,3.192,0.218,0.805,37.919,26.783,1.565,14.435,41.217,6.609,3.826,5.565,68.445,1.888,12.241,6.31,8.417,0.575,2.123,1.687713672,0.968933754,0.254816886,0.436555485,-0.027088321,-0.006518527,-0.011175792,-0.040694713,-0.015680914,-0.012033238,-0.002419481
09/01/2012,1.089,0,1.222,0.911,0.2,0.067,0.711,4.2,5.265,0,2.489,0.345,0.398,0.012,0.28,8.789,25.926,0,29.101,21.693,4.762,1.587,16.931,59.907,0,28.319,3.925,4.53,0.135,3.184,2.031016517,0.700541204,0.269683782,0.197176847,-0.006064184,0.00124762,0.0043744,0.01420089,-0.001388069,-0.000926296,-0.009152617
28/02/2012,0.543,0.064,1.766,2.887,0.12,0.018,0.083,5.48,2.879,0.034,4.002,1.093,0.373,0.004,0.046,8.43,9.899,1.174,32.215,52.685,2.181,0.336,1.51,34.153,0.399,47.468,12.967,4.42,0.049,0.543,0.818704528,0.812401606,0.136134426,0.152189663,0.016274722,0.005165067,0.000295041,0.01578767,0.001871908,0.000346812,0.00649306
10/04/2012,2.056,0.322,1.8,6.544,0.211,0.033,0.422,11.389,7.939,0.234,3.24,2.478,0.43,0.009,0.196,14.527,18.049,2.829,15.805,57.463,1.854,0.293,3.707,54.65,1.611,22.305,17.056,2.963,0.064,1.351,1.602266327,0.779244576,0.209160971,0.261169449,-0.037658894,0.001685575,-0.029460942,-0.013607729,-0.002676423,-0.001595499,0.025991668
23/04/2012,0.873,0.352,0.909,5.321,0.17,0.012,0.994,8.63,4.576,0.706,1.901,2.015,0.762,0.006,0.938,10.903,10.112,4.073,10.534,61.657,1.966,0.14,11.517,41.973,6.474,17.437,18.477,6.987,0.051,8.6,NA,NA,NA,0.198736302,0.02199576,0.007203167,0.011631464,-0.003499964,0.011863863,-9.33857E-05,0.025073717
24/05/2012,2.703,0.69,1.738,4.671,0.69,0.009,3.338,13.839,8.144,0.738,1.182,1.768,0.981,0,1.425,14.238,19.535,4.983,12.558,33.754,4.983,0.066,24.12,57.196,5.186,8.302,12.421,6.888,0.001,10.007,2.610361645,0.44948307,0.278674671,0.424595451,-0.024778767,0.054329985,0.058776132,-0.042521183,0.024318812,-0.000481757,-0.027149402
12/06/2012,1.313,3.744,7.364,1.528,1.682,0,1.59,17.221,5.716,4.536,8.113,0.579,1.737,0,0.811,21.492,7.624,21.739,42.764,8.874,9.768,0,9.232,26.595,21.106,37.749,2.692,8.084,0,3.774,2.017243895,0.566305345,0.190657686,0.599179408,-0.023725175,0.00487093,-0.016845283,0.006986275,-0.01406422,0.000236716,-0.011502284
16/07/2012,0.032,4.598,3.717,2.206,0.663,0.008,0.752,11.976,0.149,3.586,7.389,0.835,3.013,0.001,0.222,15.194,0.27,38.394,31.039,18.421,5.533,0.067,6.275,0.98,23.602,48.629,5.497,19.827,0.006,1.46,1.98021621,0.597456652,0.205881583,0.409121317,-0.001445992,0.007746331,0.001713718,0.017951723,0.003608556,-0.000365833,-0.015652104
07/08/2012,0,5.638,3.898,3.759,0.8,0,0.241,14.337,0,7.322,4.054,1.423,3.502,0,0.088,16.389,0,39.327,27.192,26.218,5.58,0,1.683,0,44.674,24.734,8.683,21.37,0,0.539,1.914762635,0.595653945,0.199142056,0.415288338,0.000263091,-0.015543853,0.010631438,-0.02011559,2.64339E-18,0.000263091,0.009714747
18/09/2012,0.011,2.456,6.656,1.044,0.8,0.011,0.867,11.844,0.024,4.931,10.697,0.395,1.771,0.005,0.73,18.553,0.094,20.732,56.191,8.818,6.754,0.094,7.317,0.127,26.576,57.656,2.131,9.547,0.028,3.935,1.776489976,0.63504289,0.188288716,0.424220675,0.000236408,0.003387292,-0.015027855,-0.016753362,-0.012489898,-0.00030694,0.008779051
24/10/2012,0.02,2.904,3.457,0.119,0.148,0,1.56,8.207,0.104,4.08,5.042,0.045,0.298,0,0.731,10.299,0.241,35.379,42.118,1.444,1.805,0,19.013,1.006,39.613,48.953,0.436,2.892,0,7.101,2.098267144,0.550621079,0.20190271,0.351027409,0.002066037,-0.025151322,0.005686501,0,0.004404181,0.004012696,0.029182208
12/12/2012,0.128,0.138,4.889,0.119,0.425,0.217,9.699,15.615,0.555,0.374,10.578,0.045,3.035,0.142,7.882,22.611,0.822,0.886,31.309,0.759,2.72,1.392,62.113,2.453,1.654,46.784,0.198,13.424,0.627,34.861,2.134204578,0.449115352,0.239378999,0.511439385,0.00643299,-0.003700314,-0.004072013,0.002324752,-0.001893518,0.004534818,-0.009871287
16/01/2013,0.413,0,4.107,0.213,0.333,0.427,6.573,12.067,1.579,0,12.726,0.081,1.561,0.265,5.152,21.364,3.425,0,34.033,1.768,2.762,3.536,54.475,7.392,0,59.565,0.378,7.308,1.24,24.117,2.322395122,0.491796899,0.299708544,0.441379069,0.009467012,0,0.003060417,0.022415884,0.007432422,0.000137118,0.020230926
19/02/2013,0.95,0,4.667,1.6,0.717,0.433,14.067,22.433,5.483,0,15.382,0.606,4.515,0.412,11.432,37.83,4.235,0,20.802,7.132,3.195,1.932,62.704,14.494,0,40.661,1.601,11.935,1.089,30.22,2.368143814,0.454034597,0.308953456,0.61082652,-0.003126935,0.000650637,-0.013435339,0.038218376,0.002356738,-0.008682384,-0.029370085
20/03/2013,0.781,0.019,2.838,6.876,0.838,0.114,5.429,16.895,5.529,0.038,9.2,2.603,4.037,0.057,5.166,26.63,4.622,0.113,16.798,40.699,4.961,0.676,32.131,20.762,0.144,34.547,9.776,15.16,0.214,19.397,2.501843393,0.53361123,0.321033539,0.399390616,0.01162869,-0.000571772,0.000742759,-0.027661463,-0.002335458,-0.002856851,-0.024621528
22/04/2013,1.614,0,2.933,2.161,0.702,0.014,1.853,9.277,10.57,0,10.049,0.818,5.132,0.014,2.872,29.455,17.398,0,31.619,23.298,7.564,0.151,19.97,35.887,0,34.116,2.778,17.424,0.046,9.75,2.116868833,0.785396524,0.303580573,0.318473862,-0.00152527,0.011131628,0.010921979,0.009000416,0.008992853,0.004049404,-0.00318438
23/07/2013,1.272,1.785,9.744,6.236,2.892,0.472,1.128,23.528,4.439,4.249,24.397,2.361,13.639,0.235,0.889,50.207,5.405,7.585,41.412,26.504,12.293,2.005,4.795,8.841,8.462,48.593,4.702,27.165,0.468,1.77,1.333205415,0.791219169,0.182570064,0.591281029,-0.035196538,-0.028874219,-0.02893604,-0.025172466,-0.039876933,-0.015847989,-0.031412571
15/08/2013,0.011,0.433,4.522,3.056,0.556,0.022,0.033,8.633,0.028,0.867,6.446,1.157,3.789,0.024,0.033,12.345,0.129,5.019,52.381,35.393,6.435,0.257,0.386,0.23,7.027,52.217,9.371,30.697,0.193,0.266,NA,NA,NA,0.229990983,0.003934942,0.021579795,0.003166508,-0.013605718,-0.01477888,0.000594545,-0.001130684
13/09/2013,0.133,1.68,5.053,1.733,0.013,0.04,0,8.653,0.763,1.691,5.564,0.656,0.06,0.046,0,8.781,1.541,19.414,58.398,20.031,0.154,0.462,0,8.694,19.261,63.363,7.473,0.682,0.528,0,1.316850965,0.592824348,0.12870963,0.269127773,0.002525834,0.045096572,0.018009931,0.01123214,0.001499162,0.007388493,0.001926427
14/10/2013,0.226,9.846,9.579,2.872,0.062,0.308,0.062,22.954,1.183,17.302,14.293,1.087,0.276,0.142,0.058,34.342,0.983,42.895,41.734,12.511,0.268,1.34,0.268,3.445,50.383,41.619,3.166,0.804,0.414,0.169,1.160563085,0.683504326,0.125733018,0.56495435,-0.00327909,-0.041376597,-0.021509832,-0.011538253,-0.00103721,0.003111018,0.001482972
21/11/2013,0.082,1.251,3.672,1.497,0.021,0.472,0.123,7.118,0.27,1.539,7.536,0.567,0.092,0.244,0.121,10.37,1.153,17.579,51.585,21.037,0.288,6.628,1.729,2.603,14.844,72.675,5.467,0.888,2.355,1.168,1.40844093,0.703708111,0.151885378,0.242391159,-0.000818797,-0.020361109,-0.012054618,-0.004619068,0.000342073,-0.003586939,0.000349653
17/12/2013,0.059,0.326,2.415,1.215,0.03,0.341,0.133,4.519,0.245,0.938,6.235,0.46,0.03,0.153,0.181,8.241,1.311,7.213,53.443,26.885,0.656,7.541,2.951,2.975,11.377,75.656,5.581,0.359,1.86,2.194,1.011357647,0.811678757,0.139797356,0.157968603,0.005541042,-0.008522354,0.00935227,0.002087793,-0.000517607,-0.002029767,0.002261153
14/01/2014,0.237,0.044,3.437,1.348,0.015,0.267,0.207,5.556,1.423,0.058,10.173,0.51,0.067,0.154,0.263,12.648,4.267,0.8,61.867,24.267,0.267,4.8,3.733,11.255,0.458,80.432,4.035,0.526,1.217,2.077,1.274694371,0.84512407,0.186474336,0.181681806,-0.005185784,-0.001402746,-0.014091513,-0.003568774,-0.000474392,-0.002347076,0.002438606
14/02/2014,0.053,0,1.867,1.102,0,0.178,0.302,3.502,0.108,0,6.221,0.417,0,0.078,0.265,7.09,1.523,0,53.299,31.472,0,5.076,8.629,1.525,0,87.746,5.885,0,1.102,3.741,0.398687966,0.893952344,0.128211392,0.116377046,0.010947676,0.000489013,0.007078746,0.041226176,0.006103895,-0.003122091,0.01531062
26/03/2014,0.632,0.02,2.805,9.936,0.277,0.04,1.402,15.111,3.259,0.04,6.894,3.762,0.218,0.021,1.653,15.847,4.183,0.131,18.562,65.752,1.83,0.261,9.281,20.564,0.25,43.504,23.737,1.376,0.135,10.434,2.036458197,0.651400199,0.242160403,0.22900668,0.009326933,0.006023007,0.012496907,-0.016906967,0.002231673,0.001571234,0.015071866
01/05/2014,1.283,0.267,4.967,4.95,0.383,0.1,3.133,15.083,4.939,0.767,4.929,1.563,1.154,0.054,2.156,15.562,8.508,1.768,32.928,32.818,2.541,0.663,20.773,31.736,4.93,31.672,10.042,7.416,0.348,13.856,2.869455185,0.363373266,0.264819363,0.381505242,0.013648796,0.01616135,0.022459396,-0.0123262,-0.005738776,0.005720518,-0.021912747
21/05/2014,2,0.75,8.35,3.65,0.233,0.233,1.667,16.883,10.677,1.416,11.902,1.382,1.093,0.086,1.379,27.935,11.846,4.442,49.457,21.619,1.382,1.382,9.872,38.221,5.069,42.606,4.947,3.912,0.308,4.937,2.084630948,0.644087595,0.231132571,0.447257421,-0.019876652,0.027081394,-0.052691191,-0.008734185,0.002933759,0.007507706,-0.001898613
19/06/2014,0.686,2.838,1.029,2.61,0.343,0.533,1.524,9.562,4.15,8.224,2.512,0.988,1.148,0.166,1.261,18.45,7.171,29.681,10.757,27.291,3.586,5.578,15.936,22.496,44.577,13.617,5.355,6.221,0.899,6.834,2.349875656,0.653248013,0.287786912,0.303309357,-0.012496617,0.0048577,0.02299391,0.007754377,-0.005113213,-0.005237195,-0.017982782
30/07/2014,0.01,3.684,4.207,3.96,0.089,0.237,0.207,12.395,0.052,15.085,7.744,1.499,0.299,0.137,0.228,25.044,0.08,29.721,33.944,31.952,0.717,1.912,1.673,0.207,60.231,30.922,5.987,1.196,0.546,0.911,1.564738837,0.798998701,0.195530879,0.308814733,0.001125123,0.015258238,0.022237024,-0.010171643,0.00678171,-0.001603736,0.003531596
26/08/2014,0.041,6.072,8.492,2.769,0.308,0.185,0.328,18.195,0.489,16.461,13.252,1.048,0.423,0.067,0.186,31.926,0.225,33.371,46.674,15.22,1.691,1.015,1.804,1.531,51.561,41.509,3.284,1.325,0.209,0.581,1.674300304,0.717108295,0.190515885,0.462425705,0.010098084,0.026732223,-0.020099681,0.027042803,0.076687496,0.058599858,0.018605394
17/09/2014,0.3,11.733,5.1,5.833,6.067,3.3,1,33.333,3.323,14.434,8.5,2.208,28.039,1.614,0.827,58.946,0.9,35.2,15.3,17.5,18.2,9.9,3,5.638,24.487,14.421,3.747,47.567,2.738,1.404,2.070536738,0.635160373,0.259245035,0.748294156,-0.00779404,-0.047882317,-0.01324313,-0.026157672,-0.04884476,-0.015320575,0.003844667
13/10/2014,0.062,2.667,3.323,2.462,0.985,1.887,1.21,12.595,0.179,6.962,6.507,0.932,7.883,1.159,0.849,24.471,0.489,21.173,26.384,19.544,7.818,14.984,9.609,0.731,28.452,26.59,3.808,32.214,4.736,3.469,2.25488415,0.64869402,0.260433734,0.391197256,0.00299433,-0.005013869,0.000449284,0.006836247,0.002552178,0.008385922,0.002691796
25/11/2014,0.207,1.956,3.407,3.644,1.215,3.141,1.481,15.052,0.642,3.319,8.219,1.38,3.784,1.201,1.719,20.264,1.378,12.992,22.638,24.213,8.071,20.866,9.843,3.168,16.379,40.561,6.809,18.675,5.926,8.482,2.222078458,0.581121842,0.232875819,0.428373077,0.001331798,-0.025541281,0.013266667,0.007288834,0.012899056,0.003488984,-0.018326573
15/12/2014,0.24,0.773,4.747,4.373,1.867,3.44,0.72,16.16,1.781,1.865,12.745,1.656,2.954,1.27,0.753,23.025,1.485,4.785,29.373,27.063,11.551,21.287,4.455,7.733,8.101,55.355,7.191,12.832,5.518,3.271,2.111128511,0.618121237,0.251254686,0.423072397,-0.003963087,-0.015735198,-0.036996534,-0.03064495,-0.023800908,-0.032197271,-0.011383919
16/01/2015,0.092,0.072,0.759,1.015,0.338,0.585,0.195,3.056,0.481,0.103,2.654,0.384,0.663,0.43,0.264,4.98,3.02,2.349,24.832,33.221,11.074,19.128,6.376,9.653,2.064,53.302,7.72,13.32,8.636,5.306,2.064386311,0.698436094,0.244941419,0.107212714,0.017716723,-0.002101051,0.013651509,0.005460572,0.001362163,-0.000474421,0.005933966
18/02/2015,0.96,0,1.76,1.413,0.4,0.56,0.453,5.547,4.657,0,6.368,0.535,2.068,0.33,0.713,14.67,17.308,0,31.731,25.481,7.212,10.096,8.173,31.741,0,43.407,3.647,14.094,2.25,4.86,1.554679211,0.855083824,0.228426995,0.187792215,0.018586064,0.0032753,0.018515836,0.06476694,0.012414361,-0.010809861,0.054391889
16/03/2015,2.178,0.089,3.467,12,0.933,0.178,4.978,23.822,11.653,0.178,11.986,4.543,3.581,0.074,6.123,38.138,9.142,0.373,14.552,50.373,3.918,0.746,20.896,30.556,0.468,31.427,11.912,9.389,0.194,16.054,2.465542722,0.617713126,0.332004302,0.407276144,0.010948271,0.000539823,-0.00142298,-0.014504387,0.021576125,-0.005454314,-0.008348836
15/04/2015,3.413,0.107,3.28,7.413,2.693,0,3.653,20.56,23.4,0.033,11.935,2.807,18.83,0,3.926,60.93,16.602,0.519,15.953,36.057,13.1,0,17.769,38.405,0.055,19.588,4.606,30.904,0,6.443,2.316171243,0.761701784,0.353577958,0.444097582,-0.003289801,0.00208574,-0.00297218,-0.01317751,0.000956334,0.003091817,0.013106711
20/05/2015,2.933,0.19,2.857,4.305,2.819,0.114,6.362,19.581,17.123,0.854,8.016,1.63,7.01,0.048,4.831,39.51,14.981,0.973,14.591,21.984,14.397,0.584,32.49,43.339,2.16,20.288,4.125,17.742,0.12,12.226,2.511527739,0.563238177,0.334738439,0.488441294,0.001822147,0.012384021,0.023627351,0.021962982,0.041958092,0.004202711,-0.012443569
25/06/2015,3.2,0.859,8.03,10.696,16.296,0.296,3.704,43.081,18.121,2.392,18.069,4.049,105.742,0.107,3.152,151.632,7.428,1.994,18.638,24.828,37.827,0.688,8.597,11.951,1.577,11.916,2.671,69.736,0.071,2.079,NA,NA,NA,0.76365251,-0.038940116,0.010820402,-0.035173926,-0.059043837,-0.069215058,-0.007292203,-0.046066041
28/07/2015,0.162,1.657,1.829,0.667,0.762,0.019,0.029,5.124,1.56,5.658,6.936,0.252,7.639,0.009,0.024,22.077,3.16,32.342,35.688,13.011,14.87,0.372,0.558,7.064,25.627,31.416,1.143,34.603,0.04,0.107,1.507477855,0.944220562,0.224817226,0.185722781,-0.00413819,-0.001909026,0.00047779,0.013579344,-0.011460536,-0.000673874,-0.001006103
25/08/2015,0.035,1.519,1.867,1.438,0.278,0,0,5.136,0.322,6.806,6.364,0.544,1.665,0,0,15.701,0.677,29.571,36.343,27.991,5.418,0,0,2.051,43.348,40.531,3.467,10.603,0,0,1.393177023,0.929429181,0.200802841,0.151869387,0.000987552,0.0096582,-0.005762804,0.016671359,-0.00471414,0.000385304,0.001517735
21/09/2015,0.063,2.269,1.454,2.824,0.125,0.01,0.042,6.787,0.982,5.836,2.025,1.069,1.704,0.002,0.012,11.629,0.924,33.436,21.418,41.602,1.849,0.154,0.616,8.445,50.18,17.409,9.192,14.657,0.014,0.103,1.649839497,0.728315865,0.188870701,0.158737337,0.010924285,0.001547934,0.030469514,0.00385905,0.019107301,0.001123015,0.005741242
02/11/2015,0.681,2.489,7.822,3.496,1.511,0.059,0.326,16.385,7.002,7.142,12.993,1.324,4.6,0.018,0.307,33.386,4.159,15.19,47.74,21.338,9.222,0.362,1.989,20.972,21.393,38.917,3.965,13.778,0.055,0.921,1.658330063,0.710977245,0.195771908,0.39983599,-0.003293972,-0.033763284,-0.032530285,-0.006712094,-0.010169163,0.003787842,0.005190464
30/11/2015,0.533,0.356,2.548,2.726,0.889,0.178,0.533,7.763,1.551,2.618,8.21,1.032,3.695,0.082,0.652,17.841,6.87,4.58,32.824,35.115,11.45,2.29,6.87,8.695,14.674,46.017,5.784,20.712,0.461,3.657,1.494656557,0.87472076,0.212725374,0.20762838,0.01271625,-0.00650764,-0.000580099,-0.020184899,-0.011352589,-0.002447004,-0.000492204
11/01/2016,1.616,0.031,2.463,0.596,0.173,0.063,0.502,5.443,11.74,0.063,9.222,0.258,0.921,0.034,0.324,22.563,29.683,0.576,45.245,10.951,3.17,1.153,9.222,52.033,0.279,40.874,1.144,4.082,0.151,1.436,1.769995004,0.952964746,0.282248919,0.190567103,0.019717471,-0.000812908,0.007011851,0.011738707,0.002580075,-0.000908894,0.018670064
18/02/2016,4.533,0,3.52,1.493,0.293,0.027,2.053,11.92,27.498,0,12.934,0.565,1.566,0.012,11.101,53.676,38.031,0,29.53,12.528,2.461,0.224,17.226,51.229,0,24.097,1.053,2.917,0.023,20.681,2.165946164,0.879030974,0.322660244,0.339657777,-0.008946679,0.001517239,-0.009530676,0.018362203,-0.000981368,-3.87552E-05,-0.015393043
19/04/2016,2.206,0.097,1.527,6.642,0.218,0.024,0.194,10.909,12.66,0.195,5.529,2.515,1.022,0.011,0.402,22.334,20.222,0.889,14,60.889,2,0.222,1.778,56.684,0.872,24.758,11.26,4.576,0.05,1.801,1.50435951,0.984320495,0.239992027,0.169146685,-0.019912858,0.002377524,0.001050767,-0.021535649,-0.004709451,0,-0.000759761
16/05/2016,0.873,0.17,1.6,3.273,0.073,0.024,0.17,6.182,5.372,0.071,3.058,1.239,0.073,0.011,0.187,10.01,14.118,2.745,25.882,52.941,1.176,0.392,2.745,53.663,0.706,30.553,12.378,0.725,0.112,1.864,2.184219121,0.779334792,0.316006623,0.124394166,-0.006311499,0.028887391,0.024556435,-0.016681791,0.00117138,0.000825911,0.000725263
11/07/2016,0.315,4.897,9.285,0.679,0.145,0.073,0.218,15.612,1.819,11.964,18.396,0.257,1.156,0.034,0.206,33.831,2.019,31.366,59.472,4.348,0.932,0.466,1.398,5.376,35.365,54.375,0.76,3.417,0.099,0.608,1.076825228,0.760446247,0.131666042,0.40336507,-0.009131729,-0.04563245,-0.060329861,0.002013741,-0.004526718,-0.001789165,-0.005485654
10/08/2016,0,0.5,0.683,0.783,0,0.017,0.033,2.017,0,1.065,1.378,0.297,0,0.008,0.031,2.778,0,24.793,33.884,38.843,0,0.826,1.653,0,38.327,49.591,10.673,0,0.277,1.132,1.920036683,0.722735494,0.239390245,0.057495569,0,0.036031817,0.011867145,0.001552574,0.00226356,-0.000486156,0.004069366
13/09/2016,0,4.107,1.52,0.88,0.08,0,0.187,6.773,0,9.677,1.91,0.333,0.359,0,0.253,12.533,0,60.63,22.441,12.992,1.181,0,2.756,0,77.214,15.242,2.658,2.865,0,2.02,1.967906991,0.720434255,0.261996015,0.199196156,0,-0.016038804,-0.001099264,-0.010011023,-0.00034507,0.012273132,0.009435482
19/10/2016,0,1.867,1.422,0.311,0.067,0.556,0.667,4.889,0,3.982,2.143,0.118,0.57,0.301,0.488,7.603,0,38.182,29.091,6.364,1.364,11.364,13.636,0,52.372,28.192,1.549,7.5,3.962,6.425,1.853462217,0.667696415,0.192964212,0.180490358,0,-0.020086085,0.008852096,0.014384099,0.001617595,-0.005445675,0.002850409
15/11/2016,0,0.667,2.076,0.933,0.114,0.343,0.8,4.933,0,2.332,4.689,0.353,0.467,0.133,0.623,8.597,0,13.514,42.085,18.919,2.317,6.95,16.216,0,27.123,54.539,4.11,5.431,1.547,7.25,1.97318318,0.705410024,0.230188483,0.159548375,0.001042827,-0.011512507,0.010098859,0.014435255,0.00013541,0.006091561,0.011890667
13/12/2016,0.03,0.207,3.081,1.896,0.119,0.593,1.511,7.437,0.155,1.33,10.251,0.718,0.26,0.514,1.199,14.429,0.398,2.789,41.434,25.498,1.594,7.968,20.319,1.077,9.221,71.049,4.976,1.803,3.562,8.313,2.277279119,0.712284008,0.300094746,0.20120107,0.000105608,-0.005543395,-0.038563231,-0.021381192,-0.00232986,-0.003098839,-0.025181965
16/01/2017,0.033,0,0.1,0.4,0.033,0.433,0.067,1.067,0.175,0,0.196,0.151,0.101,0.201,0.046,0.87,3.125,0,9.375,37.5,3.125,40.625,6.25,20.082,0,22.498,17.399,11.658,23.091,5.271,1.994272349,0.45303192,0.15172013,0.034194435,0.005398128,0,0.016979711,0.024051354,0.001246857,0.008712721,0.010836589
27/02/2017,0.296,0,1.244,2.844,0.089,1.067,0.681,6.222,2.012,0,3.482,1.077,0.399,0.81,0.978,8.757,4.762,0,20,45.714,1.429,17.143,10.952,22.978,0,39.758,12.297,4.557,9.244,11.166,NA,NA,NA,0.13885593,0.011319844,0.002225466,0.020495367,0.02350066,0.006983595,0.022482383,-0.005505948
28/03/2017,0.8,0.067,3.067,6.6,0.333,2.967,0.433,14.267,4.399,0.134,9.769,2.499,0.332,2.226,0.409,19.768,5.607,0.467,21.495,46.262,2.336,20.794,3.037,22.253,0.677,49.419,12.64,1.682,11.261,2.068,1.901074456,0.688724151,0.216475493,0.262172723,0.035801883,0.000153128,0.002972158,-0.025013613,0.008110935,-0.014341304,0.009890115
04/05/2017,5.77,0.073,3.539,2.012,0.8,1.333,1.067,14.594,25.132,0.146,5.838,0.762,3.045,0.505,1.446,36.874,39.535,0.498,24.252,13.787,5.482,9.136,7.309,68.157,0.396,15.832,2.066,8.257,1.369,3.923,1.755337727,0.84175025,0.234820738,0.381791074,-0.030706512,0.024552334,0.010012141,-0.026294943,0.004252732,-0.02177543,-0.020741057
08/06/2017,1.311,1.533,5.444,0.2,1.089,0.089,0,9.667,3.655,4.465,17.16,0.076,3.668,0.041,0,29.066,13.563,15.862,56.322,2.069,11.264,0.92,0,12.576,15.362,59.039,0.261,12.62,0.141,0,0.863108378,0.887348256,0.132190864,0.296691063,-0.020639451,0.029908587,-0.01540966,0.025678168,-0.014935426,0.001025778,0
17/07/2017,0.033,7.133,2.533,2.267,0.167,0.133,0,12.267,0.175,23.076,11.142,0.858,1.276,0.062,0,36.588,0.272,58.152,20.652,18.478,1.359,1.087,0,0.478,63.069,30.452,2.345,3.487,0.169,0,1.260913763,0.857910732,0.170200592,0.27961177,-0.000504459,-0.002819366,0.00258919,-0.007474959,-0.001241896,-0.001925587,0.004535378
20/09/2017,0,5.771,3.181,1.01,0.076,0,0.343,10.381,0,14.637,4.675,0.382,0.461,0,0.809,20.964,0,55.596,30.642,9.725,0.734,0,3.303,0,69.82,22.299,1.823,2.199,0,3.86,1.181311072,0.755918789,0.144371592,0.270865909,0,-0.049758966,-0.013572218,-0.001501179,0.002142644,0.015934549,0.005711334
25/10/2017,0,0.187,1.6,0.907,0.16,0.747,0.64,4.24,0,0.456,2.819,0.343,0.566,0.517,0.674,5.375,0,4.403,37.736,21.384,3.774,17.61,15.094,0,8.485,52.448,6.386,10.536,9.613,12.532,1.948027504,0.640664917,0.201286848,0.131833172,0.003337612,-0.006921808,-0.013466628,-0.011631443,-0.000299537,0.030020374,0.017487859
16/11/2017,0.076,0.019,0.933,0.476,0.152,2.381,1.41,5.448,0.147,0.038,1.828,0.18,0.922,1.261,1.058,5.434,1.399,0.35,17.133,8.741,2.797,43.706,25.874,2.708,0.704,33.631,3.318,16.964,23.214,19.462,1.803387259,0.43684977,0.13614895,0.178066746,0.003748248,0.001034102,0.030025077,0.007996617,0.004243798,0.050665963,0.026870836
18/12/2017,0.213,0.053,4.053,0.907,0.32,16.107,4.693,26.347,0.412,0.107,9.569,0.343,0.831,8.216,2.933,22.411,0.81,0.202,15.385,3.441,1.215,61.134,17.814,1.838,0.478,42.697,1.532,3.708,36.661,13.086,1.88788998,0.466462375,0.154242019,0.550185298,0.00551863,-0.001443326,-0.001817178,0.000766332,0.008615415,0.00519768,-0.011036161
23/01/2018,0.48,0,3.733,0.96,0.8,19.627,2.827,28.427,1.486,0,8.708,0.363,3.268,9.73,4.446,28.001,1.689,0,13.133,3.377,2.814,69.043,9.944,5.306,0,31.099,1.298,11.672,34.749,15.877,1.884097872,0.451816681,0.155682538,0.561987972,-0.001292322,0,-0.008815264,0.030558517,-0.009172448,-0.025309833,-0.014326909
07/03/2018,0.4,0,2.24,6.293,0.213,5.947,1.067,16.16,2.146,0,7.18,2.383,0.755,6.943,0.734,20.141,2.475,0,13.861,38.944,1.32,36.799,6.601,10.655,0,35.651,11.829,3.749,34.471,3.645,1.755461862,0.651548606,0.182020955,0.290696626,-0.006004402,0,0.00380413,0.0138479,0.000462247,-0.026879786,-0.00210694
03/04/2018,0.19,0,2.59,9.6,0.229,2.362,0.952,15.924,0.368,0,8.211,3.634,1.071,1.75,1.455,16.489,1.196,0,16.268,60.287,1.435,14.833,5.981,2.231,0,49.798,22.042,6.493,10.612,8.824,1.981067306,0.687769867,0.232814483,0.211998681,0.013942054,0.003487088,-0.019373972,0.007681435,0.012398161,-0.029500895,0.007295717
01/05/2018,0.759,0.103,1.087,12.144,0.738,0.472,1.395,16.697,3.115,0.056,3.765,4.597,3.16,0.387,1.039,16.119,4.545,0.614,6.511,72.727,4.423,2.826,8.354,19.325,0.345,23.359,28.521,19.603,2.403,6.444,2.468589333,0.58803242,0.321845502,0.173117835,0.001757305,-0.000462247,-0.015985269,-0.052583408,0.000362401,0.013360435,0.011998301
28/05/2018,0.844,0.089,0.356,2.178,0.756,1.111,2.311,7.644,3.174,0.178,0.865,0.824,0.633,0.354,1.947,7.975,11.047,1.163,4.651,28.488,9.884,14.535,30.233,39.801,2.238,10.844,10.338,7.935,4.437,24.408,1.725952197,0.388794659,0.177943992,0.195518857,0.03547443,0.061573041,0.083558815,0.018453205,0.039586381,0.031172588,0.035487583
26/06/2018,4.16,5.493,14.293,4.427,4.533,4.213,8.267,45.387,20.439,9.57,39.947,1.676,12.557,1.823,3.902,89.913,9.166,12.103,31.492,9.753,9.988,9.283,18.214,22.732,10.644,44.428,1.864,13.966,2.027,4.34,2.402047444,0.627196016,0.304048913,0.845955345,-0.025936806,-0.010205233,-0.005574372,-0.012737098,-0.026328601,-0.029486062,-0.039757567
21/08/2018,0.207,2.667,10.193,1.659,0.267,0,0,14.993,2.653,9.381,11.803,0.628,0.944,0,0,25.409,1.383,17.787,67.984,11.067,1.779,0,0,10.443,36.919,46.452,2.472,3.715,0,0,2.061265862,0.597061361,0.234593178,0.321361677,-0.004590256,0.045126425,-0.007530424,0.006075918,0.011616947,0,0
17/09/2018,0.067,11.4,8.133,2.133,0.733,0,0,22.467,0.35,36.663,13.384,0.808,1.114,0,0,52.319,0.297,50.742,36.202,9.496,3.264,0,0,0.668,70.077,25.582,1.544,2.129,0,0,1.433794129,0.774788658,0.182630166,0.442181293,0.00413123,-0.025670274,-0.011129343,-0.019030288,-0.004737171,0.002838594,0.001918995
17/10/2018,0.207,4.741,5.541,0.77,0.504,0.089,0.059,11.911,0.401,10.097,12.082,0.292,2.261,0.041,0.056,25.229,1.741,39.801,46.517,6.468,4.229,0.746,0.498,1.588,40.02,47.889,1.156,8.962,0.163,0.222,0.738328207,0.76940741,0.108701624,0.301199239,0.008545552,-0.034048155,0.00630707,-0.007677424,0.007202922,0.017762753,0.000720801
08/11/2018,0.457,1.714,6.514,0.495,0.762,0.61,0.076,10.629,2.833,3.771,13.558,0.187,3.42,0.254,0.072,24.094,4.301,16.129,61.29,4.659,7.168,5.735,0.717,11.756,15.65,56.269,0.778,14.195,1.052,0.298,1.301875074,0.760496159,0.151953281,0.287415946,0.034070458,-0.010268554,-0.000746132,0.003110338,-0.004358835,0.018300662,0.011331788
18/12/2018,4.693,0.8,6.293,0.693,0.48,2.347,0.693,16,30.878,1.37,19.818,0.262,2.155,1.624,0.477,56.584,29.333,5,39.333,4.333,3,14.667,4.333,54.57,2.421,35.024,0.464,3.808,2.87,0.843,1.880101019,0.906066334,0.271005878,0.410956274,-0.015629423,-0.01823987,-0.031687355,0.007971792,-0.008810793,-0.001659778,-0.010752229
14/01/2019,2.733,0.1,2.1,1.1,0.167,2.2,0.267,8.667,11.648,0.641,7.313,0.416,0.748,0.931,0.252,21.949,31.538,1.154,24.231,12.692,1.923,25.385,3.077,53.067,2.923,33.316,1.897,3.409,4.242,1.146,2.050355724,0.725364732,0.27042338,0.237721507,0.00403753,-0.002723148,-0.003250254,-0.015206195,-0.002560347,-0.00667471,-0.00234966
18/02/2019,3.3,0,1.767,0.233,0.067,1.533,0.167,7.067,17.31,0,6.762,0.088,0.299,0.805,0.138,25.402,46.698,0,25,3.302,0.943,21.698,2.358,68.142,0,26.619,0.348,1.178,3.17,0.543,1.779897247,0.899978301,0.251244901,0.211854533,-0.016749642,0.00243308,0.002733577,0.040826187,0.002831169,0.004116429,0.000270821
25/03/2019,1.393,0.089,2.044,4.148,0.178,1.926,0.178,9.956,5.907,0.077,7.433,1.57,0.949,0.95,0.322,17.208,13.988,0.893,20.536,41.667,1.786,19.345,1.786,34.329,0.448,43.192,9.126,5.515,5.519,1.872,2.168508275,0.709203323,0.276747822,0.191657484,0.02699816,0.001818424,-0.001483811,0.008254631,-0.003939472,-0.021414462,0.004254247
16/04/2019,3.333,0.133,1.947,5.173,0.08,0.827,0.293,11.787,18.963,0.597,8.281,1.959,0.359,0.344,0.398,30.901,28.281,1.131,16.516,43.891,0.679,7.014,2.489,61.366,1.934,26.8,6.338,1.162,1.113,1.287,1.613319187,0.987722426,0.239926307,0.206944354,-0.025614665,0.008462554,-0.002212024,0.010244544,0.006370916,0.004408721,0.005510163
14/05/2019,1.115,0.436,1.77,7.224,0.291,1.067,0.509,12.412,7.528,2.799,3.212,2.735,1.306,0.976,0.69,19.247,8.984,3.516,14.258,58.203,2.344,8.594,4.102,39.111,14.544,16.69,14.21,6.785,5.073,3.587,2.16143482,0.759692775,0.323914643,0.181374123,-0.006619467,0.051180278,0.051470603,-0.045474515,0.008186101,-0.020164917,0.015465085
19/06/2019,0.667,8.067,16.667,0.6,0.733,0,1.633,28.367,4.326,13.719,38.465,0.227,5.002,0,1.541,63.281,2.35,28.437,58.754,2.115,2.585,0,5.758,6.837,21.68,60.785,0.359,7.905,0,2.435,1.603358644,0.754971973,0.198076059,0.546571305,-0.011337651,0.025662746,-0.017532132,0.033548429,0.020531545,0.006906121,0.003032123
17/07/2019,0.213,17.6,9.813,3.093,2.08,0.213,1.867,34.88,1.119,68.82,31.457,1.171,19.797,0.099,1.6,124.063,0.612,50.459,28.135,8.869,5.963,0.612,5.352,0.902,55.472,25.356,0.944,15.958,0.08,1.29,1.585025812,0.880338959,0.21188759,0.604851434,-0.005687394,-0.030711928,0.001827842,-0.020869644,-0.024920525,-0.005687394,-0.02944677
20/08/2019,0,5.547,10.507,1.013,0.32,0,0.053,17.44,0,16.894,19.397,0.384,1.437,0,0.595,38.706,0,31.804,60.245,5.81,1.835,0,0.306,0,43.648,50.113,0.991,3.711,0,1.536,1.777724703,0.730013368,0.207669411,0.359718585,0.002151284,0.008834135,-0.014119632,0.016806036,-0.007103107,0,0.013934796
19/09/2019,0.067,7.533,6.533,2.333,0.067,0,0.6,17.133,0.194,14.78,10.475,0.883,0.299,0,0.413,27.044,0.389,43.969,38.132,13.619,0.389,0,3.502,0.717,54.651,38.732,3.266,1.107,0,1.527,1.458999699,0.702939507,0.168845803,0.344079035,0.002972757,-0.019121331,0.008122642,-0.028922603,0.020930435,0.002824133,0.016944478
15/10/2019,0.152,4.19,8.305,0.571,0.838,0.076,1.486,15.619,0.799,11.252,13.385,0.216,6.415,0.035,1.022,33.125,0.976,26.829,53.171,3.659,5.366,0.488,9.512,2.412,33.968,40.407,0.653,19.367,0.106,3.087,1.637722941,0.713076041,0.179477908,0.36753459,0.005011734,-0.006049741,-0.007379967,-0.001712658,-0.005179595,0.004656037,0.011925678
19/11/2019,0.373,3.2,6.187,0.48,0.533,0.267,2.773,13.813,4.776,11.78,15.867,0.182,11.067,0.123,2.73,46.526,2.703,23.166,44.788,3.475,3.861,1.931,20.077,10.265,25.32,34.104,0.391,23.787,0.265,5.868,2.010422241,0.749855513,0.250063571,0.348559156,-0.004317414,-0.034231811,-0.025832799,0.029823768,-0.009770911,0.004864296,-0.026510395
16/12/2019,0.222,0.667,2.578,2.311,0.178,0.444,0.844,7.244,0.731,4.909,6.924,0.875,2.825,0.253,0.658,17.175,3.067,9.202,35.583,31.902,2.454,6.135,11.656,4.256,28.581,40.313,5.094,16.449,1.476,3.831,1.841201989,0.773710384,0.242418107,0.162195756,0.025188645,-0.014189601,0.004453963,-0.002009839,-0.001729915,-0.002502585,-0.005131503
21/01/2020,2.027,0,3.2,2.08,0.107,0.32,0.533,8.267,8.307,0,11.022,0.787,0.479,0.458,0.619,21.673,24.516,0,38.71,25.161,1.29,3.871,6.452,38.331,0,50.859,3.633,2.209,2.113,2.855,1.182137935,0.909031394,0.190789278,0.185343481,-0.018345676,0,-0.01715904,0.004042749,-0.002895786,-0.003985183,-0.009012542
25/02/2020,0.593,0,1.304,2.548,0,0.148,0.119,4.711,4.124,0,4.593,0.965,0,0.069,0.161,9.91,12.579,0,27.673,54.088,0,3.145,2.516,41.61,0,46.343,9.734,0,0.691,1.622,1.156607883,0.977830416,0.209537398,0.076739022,0.003649156,0,-0.002769334,0.011000791,0,-0.002778637,-0.001877076
25/03/2020,0.77,0,1.126,3.881,0,0.059,0.059,5.896,3.473,0,3.382,1.469,0,0.027,0.041,8.393,13.065,0,19.095,65.829,0,1.005,1.005,41.383,0,40.297,17.507,0,0.327,0.486,1.193757655,0.891211443,0.180954053,0.070793636,0.02622445,0.00175356,0.010440166,-0.001908089,0.000887157,-0.000378657,0.001295619
21/04/2020,2.594,0.048,1.818,3.636,0.024,0.048,0.097,8.267,15.479,0.097,5.402,1.377,0.109,0.022,0.095,22.582,31.378,0.587,21.994,43.988,0.293,0.587,1.173,68.546,0.431,23.923,6.096,0.482,0.099,0.423,1.61299354,0.981071189,0.252380055,0.138984613,-0.007090963,0.005702514,0.03451,-0.005931193,0.00481642,0.000352542,-0.002184566
20/05/2020,1.926,0.237,6.667,2.904,0.178,0.059,0.03,12,14.79,0.254,10.82,1.099,0.798,0.027,0.04,27.828,16.049,1.975,55.556,24.198,1.481,0.494,0.247,53.147,0.912,38.88,3.95,2.868,0.098,0.144,0.860025422,0.723512701,0.159715122,0.228529455,-0.010465119,0.031921626,0.015503233,-0.014703655,0.019063062,0.009111649,-0.000834262
24/06/2020,1.029,2.781,12.19,1.333,1.295,0.457,0,19.086,7.631,10.47,31.667,0.505,4.584,0.489,0,55.347,5.389,14.571,63.872,6.986,6.786,2.395,0,13.787,18.918,57.216,0.912,8.283,0.884,0,0.599959393,0.845778652,0.114217071,0.38720404,-0.026609636,-0.008168632,-0.072313232,0.030136834,-0.019471493,-0.012224669,0
17/07/2020,0.1,2.133,1.5,3.667,0.467,0.1,0,7.967,0.291,6.632,4.631,1.388,3.778,0.046,0,16.766,1.255,26.778,18.828,46.025,5.858,1.255,0,1.735,39.558,27.618,8.279,22.533,0.276,0,1.605917475,0.838594992,0.222669722,0.134711505,-0.001451551,-0.006740553,0.002801436,-0.019141724,-0.00058721,-0.003665776,0
12/08/2020,0.059,1.63,1.689,1.837,0.444,0,0,5.659,0.311,3.557,2.617,0.695,7.23,0,0,14.411,1.047,28.796,29.843,32.461,7.853,0,0,2.156,24.684,18.161,4.826,50.173,0,0,2.145663585,0.701185933,0.273515309,0.120003172,0.001250933,0.013378329,0.017723139,0.007329222,0.010962609,0,0
16/09/2020,0.107,3.2,4,2.667,1.12,0,0,11.093,0.559,8.229,9.583,1.01,0.883,0,0,20.264,0.962,28.846,36.058,24.038,10.096,0,0,2.76,40.609,47.292,4.982,4.357,0,0,1.879239406,0.775750462,0.234274978,0.223720962,-0.003378416,0.039909461,0.010574696,-0.019111533,-0.009659357,0.018590307,0
16/10/2020,0,12.907,5.867,1.067,0.587,0.747,0,21.173,0,18.473,13.113,0.404,5.018,0.345,0,37.352,0,60.957,27.708,5.038,2.771,3.526,0,0,49.455,35.106,1.081,13.434,0.924,0,1.919451644,0.64194797,0.208061827,0.403056247,0.003269435,-0.061084215,-0.039577002,0,-0.011622029,-0.007136677,0
16/11/2020,0.107,1.093,1.013,1.067,0.107,0.4,0,3.787,0.601,3.318,2.803,0.404,0.378,0.187,0,7.69,2.817,28.873,26.761,28.169,2.817,10.563,0,7.815,43.146,36.448,5.251,4.909,2.431,0,1.538856546,0.799950365,0.201993411,0.092896469,0.009185251,-0.007859726,0.028491882,0.027590321,0.006995134,0.01342982,0
15/12/2020,0.444,0.667,3.6,3.6,0.356,1.067,0,9.733,2.504,2.863,13.158,1.363,13.654,0.841,0,34.383,4.566,6.849,36.986,36.986,3.653,10.959,0,7.283,8.326,38.269,3.964,39.711,2.447,0,1.033395129,0.913439515,0.174362897,0.177842369,NA,NA,NA,NA,NA,NA,NA
